steps,time_in_bed_hours,active_cals_kcal,exercise_min,nonsedentary_hours,daylight_hours,distance_m,flights,resting_hr_bpm
10761.0,8.3,3.584,0.0,15.7,1.240216239024972,8085.0,11.0,54.0
7400.0,0.0,0.0,92.0,24.0,3.5158251943147447,5761.0,4.0,0.0
11876.0,9.083333333333334,2.394,139.0,14.916666666666666,1.2832099715678469,9274.0,7.0,53.0
12351.0,8.95,2.443,71.0,15.05,1.6274753717796542,10221.0,14.0,55.0
5122.0,8.966666666666667,2.304,0.0,15.033333333333333,1.791572746708354,4168.0,10.0,53.0
6744.0,10.15,2.546,128.0,13.85,1.0512338461099704,4720.0,0.0,66.0
10319.0,15.316666666666666,4.835,134.0,8.683333333333334,1.298128738713284,8608.0,12.0,52.0
9209.0,8.233333333333333,2.959,112.0,15.766666666666667,1.3032500236513596,6662.0,1.0,52.0
9957.0,0.0,0.0,68.0,24.0,2.2118531744486534,7988.0,16.0,0.0
7867.0,8.366666666666667,2.982,121.0,15.633333333333333,2.6171831811956716,5927.0,14.0,55.0
12198.0,6.466666666666667,2.095,0.0,17.53333333333333,1.12492309657463,8897.0,10.0,59.0
11944.0,6.8,5.165,0.0,17.2,0.5,7878.0,9.0,52.0
10165.0,9.133333333333333,2.971,92.0,14.866666666666667,2.714322563174993,7536.0,7.0,50.0
12818.0,0.0,0.0,133.0,24.0,4.0,8614.0,12.0,0.0
11168.0,16.333333333333332,5.867,76.0,7.666666666666668,0.5829781808521344,8916.0,6.0,48.5
7851.0,0.0,0.0,58.0,24.0,1.1442133715658704,6484.0,9.0,0.0
10921.0,14.066666666666666,6.154,35.0,9.933333333333334,0.8759945499961725,7756.0,13.0,49.0
7602.0,8.933333333333334,5.864,0.0,15.066666666666666,1.4063106017781983,5816.0,5.0,71.0
12196.0,7.65,5.362,425.0,16.35,1.6020533112844202,8704.0,4.0,83.0
9875.0,0.0,0.0,475.0,24.0,1.7206283706547063,7096.0,1.0,0.0
9537.0,5.783333333333333,4.723,414.0,18.21666666666667,2.327359466400201,7522.0,2.0,83.0
8297.0,13.666666666666666,5.951,125.0,10.333333333333334,1.5004884960335936,6207.0,0.0,52.0
13056.0,7.3,3.329,73.0,16.7,0.7239160661264854,10927.0,12.0,50.0
9613.0,7.133333333333334,2.954,0.0,16.866666666666667,2.276104378853088,6978.0,19.0,64.0
8929.0,17.133333333333333,4.93,0.0,6.866666666666667,2.2235461540287904,7143.0,17.0,53.0
9119.0,0.0,0.0,58.0,24.0,2.620372232705942,6884.0,0.0,0.0
11330.0,15.55,4.918,151.0,8.45,0.7088723865520458,8948.0,12.0,53.0
10913.0,7.45,2.209,0.0,16.55,1.6555977499147352,7941.0,17.0,53.0
11031.0,6.05,2.921,0.0,17.95,2.325679736877993,8246.0,5.0,47.0
11077.0,0.0,0.0,24.0,24.0,1.2885298761449473,8243.0,9.0,0.0
15354.0,9.516666666666667,2.89,0.0,14.483333333333333,1.663406825417445,10873.0,0.0,72.0
8983.0,18.016666666666666,5.379,0.0,5.983333333333334,0.5,7035.0,10.0,51.5
8719.0,0.0,0.0,115.0,24.0,3.793477509069232,6823.0,2.0,0.0
7965.0,8.266666666666667,2.712,129.0,15.733333333333333,1.5514124196698629,6210.0,9.0,46.0
11539.0,7.55,2.965,107.0,16.45,2.9125213277836637,9541.0,0.0,49.0
12822.0,6.2,2.797,115.0,17.8,1.1073815115525951,10546.0,11.0,48.0
9715.0,8.316666666666666,2.873,126.0,15.683333333333334,2.079414750095288,7104.0,14.0,49.0
7899.0,7.583333333333333,3.538,32.0,16.416666666666668,1.965246851320527,6072.0,3.0,48.0
7938.0,15.733333333333333,7.534,232.0,8.266666666666667,0.5,5706.0,1.0,50.5
11626.0,0.0,0.0,130.0,24.0,2.624177280245858,8733.0,0.0,0.0
11858.0,7.983333333333333,3.021,141.0,16.016666666666666,2.550429852448787,8538.0,6.0,48.0
11357.0,7.483333333333333,3.439,56.0,16.516666666666666,1.5250124736660462,9438.0,5.0,49.0
8336.0,6.133333333333334,2.857,23.0,17.866666666666667,0.7022928122478325,6403.0,0.0,48.0
10580.0,8.683333333333334,2.898,34.0,15.316666666666666,1.6193726881324544,7819.0,11.0,46.0
10291.0,7.966666666666667,3.608,79.0,16.03333333333333,1.0716371669785745,8333.0,5.0,46.0
10546.0,8.383333333333333,3.472,0.0,15.616666666666667,1.422028009601949,6765.0,2.0,48.0
12178.0,8.516666666666667,3.564,122.0,15.483333333333333,1.5912218945537486,7907.0,5.0,49.0
10558.0,15.75,6.258,0.0,8.25,0.5,8339.0,14.0,52.0
11697.0,0.0,0.0,161.0,24.0,1.3690391624755254,8808.0,12.0,0.0
10168.0,8.333333333333334,3.723,0.0,15.666666666666666,2.0041134515345345,7754.0,7.0,49.0
10722.0,7.95,3.899,176.0,16.05,1.3390969126812238,7330.0,12.0,63.0
11578.0,7.2,2.382,44.0,16.8,0.5,8670.0,1.0,59.0
6357.0,9.3,2.935,26.0,14.7,2.119390825625694,5404.0,8.0,45.0
9200.0,5.733333333333333,2.96,135.0,18.266666666666666,2.1173254953586347,7279.0,9.0,49.0
8824.0,15.7,5.796,112.0,8.3,0.5,6692.0,5.0,44.5
8402.0,0.0,0.0,25.0,24.0,1.5782188522592309,6117.0,11.0,0.0
9312.0,6.85,4.705,242.0,17.15,2.4000655274200358,6800.0,3.0,50.0
13737.0,8.366666666666667,3.72,46.0,15.633333333333333,1.907878769125634,8840.0,11.0,54.0
7835.0,16.683333333333334,6.046,37.0,7.316666666666666,2.499488264545518,5977.0,11.0,48.0
12420.0,0.0,0.0,67.0,24.0,2.7941320191074563,9840.0,0.0,0.0
5792.0,7.033333333333333,2.568,68.0,16.96666666666667,2.068058865550077,3888.0,15.0,49.0
9162.0,8.966666666666667,2.606,0.0,15.033333333333333,1.4864837822573378,6569.0,0.0,46.0
10406.0,7.866666666666666,4.17,0.0,16.133333333333333,2.2850764403738872,7202.0,4.0,43.0
11465.0,8.0,2.751,210.0,16.0,2.1375596408737074,8045.0,14.0,50.0
11778.0,7.283333333333333,3.302,54.0,16.71666666666667,2.6478741726623034,8865.0,6.0,47.0
11983.0,6.366666666666666,2.14,0.0,17.633333333333333,1.498407290287234,7738.0,0.0,47.0
9128.0,8.916666666666666,2.407,0.0,15.083333333333334,1.3035481022725597,7126.0,1.0,45.0
8844.0,16.283333333333335,5.435,0.0,7.716666666666665,0.5362944470282803,6966.0,14.0,48.0
12144.0,0.0,0.0,52.0,24.0,3.0535612048252925,8956.0,0.0,0.0
9521.0,9.316666666666666,3.387,0.0,14.683333333333334,2.6171954415410457,5960.0,15.0,48.0
6810.0,7.633333333333334,6.247,91.0,16.366666666666667,1.4154783214621565,4768.0,8.0,47.0
7166.0,8.0,1.575,113.0,16.0,1.4026583905448362,5816.0,1.0,48.0
7701.0,7.05,2.072,0.0,16.95,2.0148540567088595,4706.0,5.0,47.0
11242.0,7.866666666666666,2.521,0.0,16.133333333333333,1.5413002833243024,8236.0,2.0,47.0
10356.0,8.05,3.394,115.0,15.95,2.361437557197923,7156.0,13.0,49.0
11726.0,8.266666666666667,2.245,0.0,15.733333333333333,0.5,9266.0,12.0,51.0
8931.0,8.2,3.07,0.0,15.8,1.1013064671581738,6397.0,0.0,50.0
10396.0,16.766666666666666,7.43,82.0,7.233333333333334,0.5,8007.0,6.0,48.0
11563.0,0.0,0.0,193.0,24.0,0.8757507913296987,8999.0,3.0,0.0
9226.0,7.966666666666667,4.137,210.0,16.03333333333333,1.0287864222751704,7767.0,16.0,54.0
11141.0,15.916666666666666,6.952,55.0,8.083333333333334,0.5,8243.0,0.0,54.5
8345.0,8.683333333333334,4.29,80.0,15.316666666666666,1.4908934085034853,6415.0,18.0,55.0
9092.0,8.433333333333334,3.528,173.0,15.566666666666666,2.435742790828851,6144.0,8.0,56.0
9045.0,0.0,0.0,31.0,24.0,2.3284575441665085,7322.0,1.0,0.0
7010.0,16.066666666666666,6.239,67.0,7.933333333333334,0.5,4991.0,4.0,58.0
11217.0,9.083333333333334,3.518,0.0,14.916666666666666,1.5517984878171962,8098.0,3.0,55.0
8826.0,8.283333333333333,3.236,34.0,15.716666666666667,2.4060882016756113,6610.0,0.0,55.0
10031.0,8.133333333333333,2.546,61.0,15.866666666666667,1.0034954953862334,6739.0,9.0,56.0
11201.0,8.9,2.12,0.0,15.1,0.972597581254986,8529.0,1.0,57.0
11116.0,15.516666666666667,5.049,0.0,8.483333333333333,1.3393176048252897,8874.0,0.0,56.0
11663.0,9.05,3.248,0.0,14.95,1.4399247189884397,8918.0,6.0,50.0
9753.0,8.85,3.292,31.0,15.15,2.068239283496632,6540.0,0.0,53.0
8941.0,8.25,3.517,65.0,15.75,1.6654472457432923,6650.0,3.0,54.0
9800.0,8.45,3.643,86.0,15.55,2.146164553662697,7714.0,3.0,53.0
5781.0,8.25,3.241,41.0,15.75,0.9504453201715515,3793.0,3.0,56.0
6382.0,8.983333333333333,2.501,0.0,15.016666666666667,1.5932074111148795,4443.0,20.0,54.0
6693.0,8.3,3.207,22.0,15.7,1.5225169899457902,5313.0,8.0,55.0
7506.0,8.766666666666667,3.536,101.0,15.233333333333333,0.7722096864604419,5731.0,9.0,57.0
10999.0,8.616666666666667,3.287,0.0,15.383333333333333,0.5438987698252514,8476.0,0.0,57.0
7736.0,8.7,4.34,64.0,15.3,2.1100243246922634,6521.0,4.0,57.0
9054.0,8.383333333333333,2.723,262.0,15.616666666666667,1.415999999114082,7003.0,9.0,57.0
13248.0,8.983333333333333,3.138,40.0,15.016666666666667,0.8860704695135362,10371.0,2.0,55.0
9109.0,7.5,2.823,75.0,16.5,1.6826747441536674,8066.0,13.0,56.0
11843.0,8.416666666666666,3.817,62.0,15.583333333333334,2.447946533477845,8756.0,1.0,56.0
7665.0,9.05,3.513,86.0,14.95,0.5,5443.0,6.0,59.0
9486.0,8.75,3.657,118.0,15.25,0.5773529170676717,7317.0,4.0,66.0
7624.0,8.416666666666666,3.458,222.0,15.583333333333334,1.0123128240066461,5886.0,9.0,58.0
9152.0,7.716666666666667,3.56,31.0,16.28333333333333,2.7511585400375633,6623.0,4.0,55.0
12100.0,7.95,3.216,59.0,16.05,1.9028108880435075,8450.0,6.0,53.0
5681.0,8.2,3.232,83.0,15.8,2.2171220683228587,4917.0,7.0,59.0
11086.0,0.0,0.0,38.0,24.0,1.7018873566116386,8495.0,4.0,0.0
10594.0,8.566666666666666,2.44,0.0,15.433333333333334,0.8596582206439651,7557.0,11.0,51.0
8514.0,17.383333333333333,6.12,0.0,6.616666666666667,1.075136268372564,6775.0,9.0,62.0
6384.0,0.0,0.0,64.0,24.0,2.5407920316548127,4753.0,7.0,0.0
10180.0,8.85,3.107,199.0,15.15,1.9991171732048885,7506.0,5.0,64.0
8676.0,16.666666666666668,5.073,0.0,7.333333333333332,0.7019636396834167,6751.0,13.0,55.0
10581.0,17.033333333333335,7.412,44.0,6.966666666666665,0.9913672751849052,7252.0,7.0,51.5
10054.0,8.35,3.084,58.0,15.65,1.7756833594335764,7718.0,6.0,59.0
14004.0,8.383333333333333,3.735,0.0,15.616666666666667,2.2061038390261145,11842.0,9.0,57.0
9401.0,8.6,3.466,46.0,15.4,2.2049057973611297,7270.0,18.0,54.0
7441.0,8.766666666666667,2.514,49.0,15.233333333333333,0.5,5440.0,0.0,52.0
10448.0,8.016666666666667,3.294,0.0,15.983333333333333,0.5,7571.0,13.0,55.0
10549.0,8.133333333333333,4.778,0.0,15.866666666666667,2.3878884450227216,7696.0,0.0,55.0
13397.0,8.133333333333333,3.524,203.0,15.866666666666667,2.5180742319500222,9878.0,9.0,54.0
12087.0,15.716666666666667,5.694,0.0,8.283333333333333,0.5,8837.0,17.0,52.5
10892.0,16.566666666666666,5.351,0.0,7.433333333333334,0.5,8668.0,11.0,50.0
13658.0,8.466666666666667,3.249,0.0,15.533333333333333,1.722657708038374,9060.0,9.0,53.0
7028.0,8.533333333333333,4.672,0.0,15.466666666666667,2.298253425112037,5573.0,5.0,51.0
8400.0,0.0,0.0,163.0,24.0,3.75831616570402,6140.0,8.0,0.0
7683.0,16.85,5.665,0.0,7.149999999999999,1.1764083004710155,5907.0,6.0,50.0
9025.0,8.533333333333333,2.99,44.0,15.466666666666667,1.3864649790566803,6260.0,3.0,50.0
6558.0,7.05,3.363,77.0,16.95,1.1698085648905963,5354.0,6.0,50.0
11587.0,8.25,3.793,0.0,15.75,1.6830159041694581,9412.0,9.0,51.0
9444.0,9.283333333333333,2.787,67.0,14.716666666666667,1.3621813739469872,7536.0,3.0,49.0
6322.0,7.666666666666667,3.779,0.0,16.333333333333332,1.022785799323162,4263.0,3.0,50.0
7461.0,8.616666666666667,3.878,0.0,15.383333333333333,3.0724622889376336,5905.0,0.0,51.0
10783.0,8.233333333333333,4.501,61.0,15.766666666666667,2.926284548117158,8306.0,10.0,59.0
12095.0,8.133333333333333,3.323,98.0,15.866666666666667,2.481900745155466,8100.0,11.0,50.0
14991.0,0.0,0.0,64.0,24.0,1.8554047215336107,11225.0,9.0,0.0
17284.0,16.45,6.33,60.0,7.550000000000001,1.453513527008095,13278.0,14.0,53.5
11036.0,8.166666666666666,3.831,47.0,15.833333333333334,2.1310718199818646,8583.0,9.0,51.0
7526.0,8.35,3.15,0.0,15.65,1.974781936942837,5711.0,10.0,54.0
4669.0,8.233333333333333,3.256,45.0,15.766666666666667,2.5514323535973107,3570.0,10.0,56.0
10669.0,8.033333333333333,3.782,0.0,15.966666666666667,2.141426466669561,8788.0,7.0,49.0
7967.0,8.5,4.926,188.0,15.5,2.168009965413035,6464.0,5.0,55.0
8961.0,0.0,0.0,198.0,24.0,2.945834398360547,5436.0,21.0,0.0
8469.0,8.283333333333333,3.574,118.0,15.716666666666667,1.9102206522681406,6217.0,5.0,63.0
9648.0,8.75,5.797,270.0,15.25,0.5,7156.0,4.0,53.0
12664.0,16.8,5.983,0.0,7.199999999999999,0.8785347541873898,8389.0,11.0,58.5
10392.0,8.883333333333333,4.411,95.0,15.116666666666667,1.2223322954722793,7843.0,10.0,60.0
9603.0,11.316666666666666,5.465,0.0,12.683333333333334,0.5,7802.0,0.0,56.5
7410.0,8.766666666666667,2.884,0.0,15.233333333333333,2.8006049668439097,5155.0,15.0,56.0
5813.0,8.666666666666666,3.787,0.0,15.333333333333334,2.8436300719533256,4457.0,7.0,63.0
8784.0,8.816666666666666,2.577,40.0,15.183333333333334,2.5697877535402616,6185.0,1.0,61.0
9865.0,8.633333333333333,2.958,0.0,15.366666666666667,1.815316058465779,7067.0,15.0,56.0
14419.0,8.883333333333333,2.627,0.0,15.116666666666667,2.5571042513335263,11880.0,12.0,57.0
10325.0,10.066666666666666,2.292,75.0,13.933333333333334,1.5017705597546114,7464.0,0.0,64.0
12456.0,8.916666666666666,3.579,30.0,15.083333333333334,1.7502914271617789,9630.0,19.0,62.0
8751.0,8.35,3.224,100.0,15.65,0.8995700406766121,5744.0,12.0,64.0
7037.0,8.633333333333333,2.401,108.0,15.366666666666667,1.9145605798158547,5933.0,8.0,61.0
7587.0,8.8,2.323,41.0,15.2,1.6622701498970918,5919.0,18.0,64.0
8186.0,7.816666666666666,3.269,0.0,16.183333333333334,0.8064768515492083,6065.0,9.0,58.0
15321.0,8.55,3.586,76.0,15.45,1.6091620217283822,11931.0,8.0,54.0
7946.0,7.916666666666667,3.303,177.0,16.083333333333332,1.6525226386335674,5399.0,4.0,60.0
12096.0,8.05,2.584,0.0,15.95,2.9532928166512478,9787.0,11.0,59.0
7742.0,9.666666666666666,2.674,0.0,14.333333333333334,2.15928266329272,5681.0,11.0,54.0
12328.0,8.683333333333334,2.301,147.0,15.316666666666666,1.639678474030693,9120.0,8.0,60.0
10962.0,7.483333333333333,2.579,0.0,16.516666666666666,1.9258177835274246,7952.0,3.0,51.0
9608.0,10.133333333333333,2.783,23.0,13.866666666666667,1.5176153313396055,6927.0,9.0,59.0
9898.0,9.766666666666667,2.543,0.0,14.233333333333333,1.3812935439764498,7767.0,8.0,55.0
8363.0,7.683333333333334,2.299,61.0,16.316666666666666,0.973967628494866,6379.0,0.0,58.0
11115.0,8.15,4.116,0.0,15.85,1.5792636856751496,8698.0,0.0,61.0
8862.0,0.0,0.0,97.0,24.0,1.9777312203432407,6643.0,11.0,0.0
6935.0,16.666666666666668,4.757,20.0,7.333333333333332,0.5,5379.0,0.0,58.5
6805.0,7.85,2.831,28.0,16.15,2.072855270183274,4961.0,9.0,53.0
10431.0,8.65,2.972,0.0,15.35,1.9088852619532644,8986.0,5.0,55.0
13947.0,14.9,5.686,127.0,9.1,0.5,9367.0,16.0,58.0
10399.0,9.466666666666667,3.068,0.0,14.533333333333333,1.4674540870867443,8455.0,5.0,52.0
9703.0,8.316666666666666,2.531,170.0,15.683333333333334,2.36532430346328,7941.0,12.0,65.0
10714.0,9.166666666666666,2.177,0.0,14.833333333333334,2.324789950560758,7579.0,6.0,54.0
13265.0,7.5,2.891,20.0,16.5,2.468085790019667,11427.0,9.0,52.0
10548.0,7.783333333333333,2.8,0.0,16.21666666666667,1.7489059114976888,8436.0,12.0,59.0
8972.0,8.066666666666666,2.689,0.0,15.933333333333334,1.1018016037549276,7165.0,5.0,55.0
12765.0,7.866666666666666,3.652,0.0,16.133333333333333,0.9547441541826909,9592.0,14.0,59.0
11071.0,8.05,2.965,0.0,15.95,1.9362234333252504,8183.0,2.0,60.0
13839.0,9.983333333333333,3.775,0.0,14.016666666666667,1.7671626907222808,10234.0,10.0,61.0
10458.0,7.733333333333333,2.572,152.0,16.266666666666666,2.6277984447902125,8047.0,14.0,69.0
6938.0,9.083333333333334,2.449,0.0,14.916666666666666,2.361652421906125,5690.0,12.0,58.0
6579.0,8.75,2.352,110.0,15.25,1.5324399404281794,4994.0,19.0,62.0
14127.0,8.066666666666666,2.65,0.0,15.933333333333334,0.8223892181307249,9951.0,3.0,61.0
14309.0,8.95,2.627,0.0,15.05,1.3816253820923716,11321.0,0.0,63.0
9551.0,9.9,2.329,0.0,14.1,1.6620618363673674,7603.0,2.0,64.0
9042.0,5.833333333333333,2.27,48.0,18.166666666666668,1.775208394894084,7077.0,12.0,60.0
13653.0,6.833333333333333,2.764,31.0,17.166666666666668,1.4121407910123078,10749.0,11.0,61.0
7232.0,6.333333333333333,2.0,0.0,17.666666666666668,2.043686037145596,5326.0,9.0,61.0
7763.0,6.65,2.971,71.0,17.35,1.482229581012573,5461.0,1.0,53.0
11608.0,13.916666666666666,5.07,80.0,10.083333333333334,0.6686870747255715,8202.0,13.0,57.0
9013.0,0.0,0.0,52.0,24.0,2.718016984012408,6023.0,1.0,0.0
9987.0,8.2,2.649,118.0,15.8,1.3986051939095567,7608.0,15.0,60.0
9591.0,8.916666666666666,2.265,17.0,15.083333333333334,1.7792064056181798,7153.0,25.0,58.0
10843.0,7.95,2.889,14.0,16.05,1.896242815996486,7894.0,10.0,52.0
13518.0,8.183333333333334,2.178,0.0,15.816666666666666,0.8840663659025645,8141.0,11.0,52.0
10226.0,8.366666666666667,3.039,53.0,15.633333333333333,1.3264645466275449,7032.0,5.0,57.0
11609.0,14.466666666666667,5.627,0.0,9.533333333333333,2.059777191274857,9358.0,0.0,56.5
4874.0,7.866666666666666,2.608,76.0,16.133333333333333,0.8998776744193323,3493.0,4.0,54.0
9878.0,8.316666666666666,2.849,117.0,15.683333333333334,0.5,7586.0,1.0,53.0
7891.0,7.283333333333333,2.244,0.0,16.71666666666667,0.5,5370.0,0.0,50.0
6952.0,8.416666666666666,2.37,28.0,15.583333333333334,1.678710295937002,5714.0,18.0,54.0
7804.0,9.016666666666667,2.898,77.0,14.983333333333333,1.6199754279562224,5797.0,10.0,52.0
9164.0,14.95,4.963,0.0,9.05,0.9226724012024154,7006.0,10.0,56.5
12289.0,0.0,0.0,85.0,24.0,3.349932880249951,10646.0,6.0,0.0
6684.0,8.366666666666667,2.373,41.0,15.633333333333333,0.5,5519.0,7.0,65.0
10076.0,7.65,2.677,14.0,16.35,2.012153712101577,7402.0,14.0,54.0
8789.0,8.283333333333333,3.044,119.0,15.716666666666667,2.764673407929168,6331.0,8.0,47.0
9180.0,8.183333333333334,2.521,56.0,15.816666666666666,0.8922201312424669,6736.0,11.0,56.0
12506.0,8.6,2.956,0.0,15.4,1.3741354417470735,9699.0,7.0,51.0
11345.0,12.116666666666667,5.639,0.0,11.883333333333333,0.7613089912732987,8449.0,6.0,55.0
13343.0,8.716666666666667,1.958,0.0,15.283333333333333,1.0022911010790632,9743.0,0.0,53.0
9613.0,7.8,3.961,135.0,16.2,1.491616596483872,7915.0,0.0,55.0
8260.0,7.25,2.881,101.0,16.75,2.7742396985791533,6147.0,6.0,48.0
9440.0,7.283333333333333,2.797,64.0,16.71666666666667,3.0578373395079312,8165.0,8.0,49.0
10606.0,8.133333333333333,3.371,98.0,15.866666666666667,1.4515092091385633,8002.0,0.0,50.0
10441.0,15.516666666666667,5.56,28.0,8.483333333333333,2.2818754831784624,8763.0,8.0,50.0
7289.0,0.0,0.0,140.0,24.0,2.5249035338892374,5596.0,8.0,0.0
10226.0,9.716666666666667,2.089,0.0,14.283333333333333,2.75591705202409,8162.0,0.0,53.0
10570.0,6.416666666666667,3.054,157.0,17.583333333333332,1.793024278575889,7544.0,3.0,51.0
16293.0,9.116666666666667,3.286,22.0,14.883333333333333,1.6800738115656344,11524.0,10.0,49.0
14692.0,7.0,2.261,0.0,17.0,2.0558321308499843,11356.0,10.0,54.0
7866.0,7.966666666666667,3.159,117.0,16.03333333333333,3.9285309088906075,6289.0,1.0,51.0
9281.0,7.1,2.385,25.0,16.9,2.3858999023913525,6979.0,9.0,50.0
6341.0,5.983333333333333,3.475,124.0,18.016666666666666,1.4065814957006422,4348.0,14.0,46.0
8523.0,9.016666666666667,3.488,55.0,14.983333333333333,2.2766318425264336,5812.0,13.0,50.0
10789.0,6.916666666666667,3.459,131.0,17.083333333333332,1.5550505573742943,7321.0,7.0,50.0
13014.0,8.316666666666666,3.041,175.0,15.683333333333334,1.3255082053024871,8610.0,5.0,51.0
8177.0,9.633333333333333,2.548,28.0,14.366666666666667,2.1726876185911443,6177.0,4.0,66.0
8364.0,8.233333333333333,2.974,62.0,15.766666666666667,1.6984265781064738,6744.0,11.0,52.0
4631.0,15.266666666666667,5.328,28.0,8.733333333333333,1.1683364734915975,3470.0,9.0,49.5
9593.0,0.0,0.0,141.0,24.0,2.5097896553057044,6110.0,12.0,0.0
7343.0,7.366666666666666,2.318,0.0,16.633333333333333,1.9989415219571378,5437.0,9.0,47.0
8676.0,8.25,2.993,58.0,15.75,1.9724761282053045,6436.0,13.0,49.0
7807.0,6.983333333333333,2.221,27.0,17.016666666666666,0.5,6674.0,9.0,45.0
9764.0,8.266666666666667,3.18,32.0,15.733333333333333,2.1399342013600067,6611.0,13.0,49.0
5605.0,7.95,2.971,64.0,16.05,1.0175864061187898,4094.0,13.0,47.0
6332.0,16.65,5.755,34.0,7.350000000000001,0.5,5289.0,3.0,53.0
15323.0,0.0,0.0,148.0,24.0,2.459112129298922,11837.0,0.0,0.0
6781.0,7.866666666666666,3.118,0.0,16.133333333333333,1.7721200356534514,5277.0,17.0,50.0
7258.0,8.133333333333333,3.385,171.0,15.866666666666667,1.2012123514660702,5485.0,10.0,48.0
14592.0,7.983333333333333,2.792,83.0,16.016666666666666,2.2833889670342487,11184.0,0.0,45.0
17262.0,8.066666666666666,2.355,0.0,15.933333333333334,0.7538107168736986,13618.0,4.0,49.0
7071.0,8.433333333333334,3.099,71.0,15.566666666666666,1.3718060425258756,5017.0,13.0,50.0
9079.0,16.183333333333334,6.259,0.0,7.816666666666666,0.5,7208.0,6.0,48.0
10853.0,0.0,0.0,148.0,24.0,2.4673889107624625,7395.0,5.0,0.0
14321.0,16.833333333333332,5.616,0.0,7.166666666666668,1.0118716659197338,10976.0,16.0,58.0
7532.0,0.0,0.0,203.0,24.0,1.7944749352635188,5716.0,2.0,0.0
9386.0,8.666666666666666,2.404,0.0,15.333333333333334,2.140331207552693,6750.0,3.0,47.0
11943.0,8.133333333333333,3.104,20.0,15.866666666666667,1.7307683245009566,8943.0,9.0,52.0
11086.0,7.8,3.131,106.0,16.2,0.5,7970.0,10.0,49.0
9059.0,7.733333333333333,2.504,0.0,16.266666666666666,0.5,6309.0,11.0,51.0
9665.0,17.383333333333333,6.039,0.0,6.616666666666667,0.7530431616161488,7078.0,13.0,51.0
6562.0,0.0,0.0,108.0,24.0,2.345322877549552,4559.0,9.0,0.0
9404.0,5.6,1.81,0.0,18.4,1.8676059204977564,7205.0,11.0,47.0
9334.0,8.266666666666667,2.766,0.0,15.733333333333333,1.6537456137621807,6463.0,6.0,50.0
10580.0,6.633333333333334,2.241,0.0,17.366666666666667,1.9945585543237931,8311.0,8.0,58.0
8611.0,7.783333333333333,3.671,107.0,16.21666666666667,2.3850213935604763,5950.0,9.0,54.0
11178.0,17.633333333333333,5.831,44.0,6.366666666666667,0.5,8067.0,9.0,54.5
12531.0,0.0,0.0,134.0,24.0,1.6796198849694437,9007.0,13.0,0.0
10388.0,8.433333333333334,2.256,17.0,15.566666666666666,0.8913399661454989,8479.0,11.0,56.0
10879.0,8.5,3.055,77.0,15.5,1.8522416670180948,8339.0,8.0,55.0
10132.0,17.55,5.317,148.0,6.449999999999999,1.6164631650525119,7492.0,3.0,53.5
10000.0,8.233333333333333,3.53,133.0,15.766666666666667,1.3747290598990094,7749.0,8.0,54.0
8196.0,17.566666666666666,5.407,0.0,6.433333333333334,0.5,5283.0,8.0,54.5
10791.0,0.0,0.0,158.0,24.0,1.3072049961727372,8070.0,9.0,0.0
9756.0,4.3,3.165,86.0,19.7,1.486874294042792,8292.0,21.0,52.0
15232.0,8.2,2.974,52.0,15.8,1.28958977875335,11525.0,5.0,56.0
13933.0,9.283333333333333,2.753,38.0,14.716666666666667,1.2857946275883583,10497.0,11.0,54.0
10964.0,8.516666666666667,2.101,0.0,15.483333333333333,1.675340119419975,8523.0,14.0,52.0
8092.0,8.716666666666667,1.999,0.0,15.283333333333333,1.4101109017576203,6431.0,9.0,52.0
7218.0,0.0,2.156,25.0,24.0,3.234537727380385,4693.0,22.0,
12977.0,8.216666666666667,2.352,0.0,15.783333333333333,1.2051212193563754,8641.0,6.0,52.0
10656.0,8.5,3.21,107.0,15.5,1.04637742836712,8104.0,10.0,54.0
11200.0,7.3,4.804,0.0,16.7,2.105212876964323,7999.0,3.0,57.0
5638.0,5.2,3.221,84.0,18.8,0.9050505510517166,4598.0,6.0,66.0
12318.0,9.733333333333333,2.702,46.0,14.266666666666667,1.7994508603906683,9044.0,9.0,54.0
11136.0,17.5,6.728,169.0,6.5,0.8217872286083867,7274.0,13.0,49.0
7223.0,0.0,0.0,202.0,24.0,2.3967902570572828,4959.0,10.0,0.0
8821.0,7.666666666666667,2.48,0.0,16.333333333333332,2.845126608337817,5403.0,16.0,51.0
10659.0,8.15,3.251,167.0,15.85,1.2494547882936975,7869.0,7.0,51.0
10131.0,9.716666666666667,1.974,0.0,14.283333333333333,2.9705420527001882,7502.0,6.0,50.0
9269.0,8.683333333333334,4.121,161.0,15.316666666666666,1.4738646522069971,6755.0,24.0,54.0
9741.0,8.45,2.196,0.0,15.55,0.7610884885208404,7831.0,10.0,60.0
9370.0,8.3,3.14,109.0,15.7,1.7189437066963775,7589.0,4.0,63.0
10381.0,8.266666666666667,2.511,82.0,15.733333333333333,0.9199616931101956,7697.0,4.0,57.0
13678.0,7.916666666666667,2.37,46.0,16.083333333333332,1.182104239863883,8799.0,2.0,53.0
3583.0,10.733333333333333,2.957,100.0,13.266666666666667,1.7045899766775106,2798.0,14.0,58.0
9407.0,6.933333333333334,3.059,104.0,17.066666666666666,2.195574128721754,7317.0,6.0,57.0
10441.0,6.75,2.826,92.0,17.25,1.3894826098220192,7992.0,9.0,55.0
10739.0,7.516666666666667,1.989,0.0,16.483333333333334,2.439516934865814,8582.0,8.0,57.0
9070.0,7.533333333333333,3.426,92.0,16.46666666666667,2.556922097281461,6274.0,12.0,60.0
5608.0,7.316666666666666,2.367,0.0,16.683333333333334,2.773744562927637,4769.0,3.0,57.0
10819.0,6.816666666666666,2.063,0.0,17.183333333333334,2.188922718321339,7595.0,2.0,63.0
14318.0,7.566666666666666,2.72,64.0,16.433333333333334,2.6977334317933224,11275.0,9.0,64.0
6165.0,7.216666666666667,2.654,64.0,16.78333333333333,0.5,4103.0,12.0,58.0
12159.0,7.116666666666666,2.906,122.0,16.883333333333333,1.5657987492934096,8554.0,10.0,53.0
9178.0,8.45,2.253,0.0,15.55,1.0480963205736018,7579.0,3.0,56.0
9846.0,7.983333333333333,2.651,58.0,16.016666666666666,1.7851247694558412,7256.0,12.0,59.0
7367.0,8.483333333333333,2.296,0.0,15.516666666666667,1.2516522132289507,5835.0,4.0,56.0
9163.0,6.5,2.463,0.0,17.5,1.7336895106351875,6981.0,5.0,57.0
13250.0,10.666666666666666,2.721,97.0,13.333333333333334,2.7508557494761683,9868.0,2.0,64.0
11456.0,7.316666666666666,1.998,0.0,16.683333333333334,1.6495294758390686,9373.0,16.0,55.0
14330.0,8.316666666666666,3.303,91.0,15.683333333333334,1.9579879553664832,10578.0,12.0,61.0
12943.0,5.55,3.905,246.0,18.45,1.7824114690530353,8555.0,12.0,56.0
11097.0,8.683333333333334,2.708,73.0,15.316666666666666,1.6846659682364502,7877.0,15.0,64.0
14359.0,7.05,2.958,74.0,16.95,1.79921167630525,11165.0,25.0,65.0
11097.0,7.833333333333333,2.627,79.0,16.166666666666668,2.0304935128478787,8542.0,0.0,58.0
12069.0,8.9,2.477,0.0,15.1,2.4257152748830237,8106.0,4.0,66.0
9258.0,16.183333333333334,5.236,0.0,7.816666666666666,2.034842464988997,6608.0,4.0,58.0
10166.0,0.0,0.0,86.0,24.0,2.7167340573364167,7329.0,3.0,0.0
8256.0,14.133333333333333,5.92,63.0,9.866666666666667,1.4993494868915882,6041.0,2.0,59.5
12473.0,0.0,0.0,112.0,24.0,1.694394843570103,8497.0,6.0,0.0
7054.0,7.416666666666667,2.56,0.0,16.583333333333332,1.696819613642399,5069.0,1.0,57.0
11955.0,7.683333333333334,2.222,0.0,16.316666666666666,2.3898692920851787,8531.0,10.0,63.0
9523.0,8.833333333333334,3.142,131.0,15.166666666666666,2.2228447135586737,7509.0,8.0,60.0
12928.0,6.966666666666667,2.502,0.0,17.03333333333333,1.9514601462898684,10219.0,11.0,62.0
11877.0,7.816666666666666,3.381,129.0,16.183333333333334,2.3388091050309,8821.0,11.0,63.0
14551.0,6.7,2.719,14.0,17.3,2.173536696295673,10628.0,12.0,61.0
11826.0,5.833333333333333,2.74,79.0,18.166666666666668,2.756881047448192,8952.0,6.0,65.0
6069.0,5.766666666666667,3.304,53.0,18.233333333333334,2.125884743203311,4304.0,21.0,50.0
9832.0,15.883333333333333,4.958,43.0,8.116666666666667,0.6626778457669426,6810.0,9.0,58.5
7069.0,0.0,0.0,123.0,24.0,2.7350888798531168,4970.0,0.0,0.0
8704.0,7.516666666666667,2.106,0.0,16.483333333333334,0.5,6251.0,2.0,57.0
13778.0,6.666666666666667,3.106,0.0,17.333333333333332,2.101353348802868,9532.0,0.0,54.0
11593.0,7.066666666666666,2.339,0.0,16.933333333333334,0.5,8789.0,8.0,56.0
8252.0,8.516666666666667,2.96,123.0,15.483333333333333,0.5,6490.0,7.0,54.0
7465.0,15.816666666666666,5.128,0.0,8.183333333333334,1.2345713539920222,5006.0,5.0,51.5
10081.0,7.116666666666666,3.0,113.0,16.883333333333333,2.12260386942009,7574.0,20.0,57.0
6958.0,6.35,2.422,17.0,17.65,1.0512998539020486,5142.0,11.0,50.0
8322.0,6.516666666666667,3.145,136.0,17.483333333333334,1.3498619040180764,6383.0,12.0,53.0
10780.0,6.666666666666667,3.02,0.0,17.333333333333332,2.792712025363225,8078.0,2.0,52.0
12888.0,7.816666666666666,3.068,147.0,16.183333333333334,1.3795122412324603,8729.0,2.0,54.0
11521.0,7.65,2.813,44.0,16.35,3.30504421868209,7914.0,8.0,49.0
4271.0,17.65,5.293,0.0,6.350000000000001,0.7336561027765578,3210.0,9.0,51.5
10760.0,0.0,0.0,85.0,24.0,2.7856253238168867,8624.0,0.0,0.0
10180.0,7.95,2.499,0.0,16.05,2.836812078949025,6508.0,7.0,52.0
11034.0,15.883333333333333,6.527,70.0,8.116666666666667,1.0033856480020602,8466.0,8.0,52.0
14040.0,8.166666666666666,3.987,125.0,15.833333333333334,0.9816925468497726,11365.0,7.0,54.0
4841.0,0.0,0.0,186.0,24.0,2.4231907838139968,3594.0,3.0,0.0
8522.0,7.033333333333333,2.126,0.0,16.96666666666667,1.7717391513336032,6626.0,5.0,51.0
11477.0,8.366666666666667,2.66,0.0,15.633333333333333,0.7080141767922377,8204.0,7.0,50.0
6046.0,7.683333333333334,3.197,73.0,16.316666666666666,1.5525842167280903,4498.0,9.0,51.0
13689.0,15.166666666666666,5.391,0.0,8.833333333333334,0.5,9157.0,12.0,54.0
10920.0,7.916666666666667,2.551,0.0,16.083333333333332,2.3553837633645367,6910.0,14.0,54.0
12116.0,6.5,3.21,166.0,17.5,1.874228311929679,9658.0,6.0,55.0
8572.0,8.65,3.436,115.0,15.35,1.437042975596701,6007.0,5.0,51.0
12034.0,7.8,2.325,0.0,16.2,1.6456726485641966,8751.0,11.0,56.0
12671.0,8.316666666666666,3.508,110.0,15.683333333333334,1.8245187462176498,8624.0,12.0,56.0
10582.0,6.283333333333333,3.02,19.0,17.71666666666667,2.303436606449513,7190.0,5.0,53.0
10586.0,7.083333333333333,4.042,258.0,16.916666666666668,1.0918681065981,7847.0,13.0,59.0
10675.0,10.85,3.152,35.0,13.15,0.6858886571651098,7617.0,14.0,69.0
7841.0,8.433333333333334,3.601,165.0,15.566666666666666,2.4299421174484377,6029.0,16.0,61.0
9631.0,6.983333333333333,2.843,94.0,17.016666666666666,1.5130308561233552,7441.0,19.0,56.0
9618.0,6.783333333333333,2.611,0.0,17.21666666666667,0.829877201848855,7368.0,3.0,57.0
10958.0,8.45,2.963,184.0,15.55,1.9656688965681732,8349.0,8.0,59.0
12499.0,7.6,2.364,0.0,16.4,2.0643588642228807,10360.0,8.0,53.0
7353.0,8.083333333333334,4.115,158.0,15.916666666666666,0.6201659865869722,5122.0,7.0,58.0
9687.0,10.65,4.557,0.0,13.35,1.5956372008245245,7238.0,4.0,70.0
13703.0,8.983333333333333,6.773,0.0,15.016666666666667,2.116574831366528,11053.0,0.0,59.0
8141.0,7.083333333333333,3.824,390.0,16.916666666666668,2.053737182861051,6620.0,9.0,66.0
7944.0,0.0,0.0,297.0,24.0,2.942387038632977,5393.0,3.0,0.0
10505.0,6.666666666666667,4.19,382.0,17.333333333333332,0.850344964669809,7715.0,9.0,67.0
12110.0,5.416666666666667,3.407,134.0,18.583333333333332,2.19006144183067,9905.0,3.0,57.0
10028.0,7.216666666666667,2.27,20.0,16.78333333333333,1.5664995017040204,7776.0,1.0,58.0
13322.0,7.966666666666667,3.566,66.0,16.03333333333333,1.3653802222260818,10121.0,9.0,54.0
12141.0,5.816666666666666,2.371,0.0,18.183333333333334,2.527722259927142,8974.0,9.0,57.0
12104.0,7.666666666666667,2.964,42.0,16.333333333333332,2.7688254908052943,8846.0,11.0,54.0
11385.0,16.216666666666665,5.428,0.0,7.783333333333335,2.1343923715535844,8703.0,21.0,55.5
15819.0,0.0,0.0,101.0,24.0,3.4203655100541335,11664.0,10.0,0.0
9487.0,9.633333333333333,1.906,0.0,14.366666666666667,1.459852739525538,7095.0,11.0,56.0
4991.0,7.866666666666666,3.566,167.0,16.133333333333333,1.9602374474517734,3763.0,2.0,52.0
14010.0,6.583333333333333,2.899,0.0,17.416666666666668,2.3784426769156375,10032.0,0.0,55.0
8855.0,4.566666666666666,2.756,97.0,19.433333333333334,2.1281578978429567,6877.0,17.0,52.0
10269.0,8.383333333333333,2.381,17.0,15.616666666666667,1.7532015982047477,9198.0,2.0,49.0
13273.0,7.5,2.254,0.0,16.5,2.3266271923133273,8776.0,2.0,49.0
5994.0,9.2,3.615,173.0,14.8,1.5385021477818475,4592.0,8.0,51.0
6870.0,7.033333333333333,2.0,0.0,16.96666666666667,1.286165811205104,4892.0,7.0,53.0
5996.0,5.65,3.455,169.0,18.35,1.644868853914899,4670.0,3.0,56.0
8014.0,8.633333333333333,2.42,0.0,15.366666666666667,2.080403931080286,6029.0,6.0,51.0
11099.0,7.833333333333333,3.445,149.0,16.166666666666668,1.7187619705066357,8747.0,15.0,63.0
11310.0,5.7,2.561,0.0,18.3,2.1681469838078367,9147.0,3.0,52.0
10690.0,8.233333333333333,2.427,0.0,15.766666666666667,2.1457221362081995,8120.0,0.0,52.0
6468.0,8.866666666666667,3.316,196.0,15.133333333333333,1.3509443093050066,5217.0,14.0,56.0
4224.0,7.333333333333333,2.841,0.0,16.666666666666668,2.296040381207531,2673.0,11.0,54.0
10135.0,8.233333333333333,3.583,249.0,15.766666666666667,1.941856489087543,8407.0,4.0,54.0
8820.0,6.083333333333333,4.692,117.0,17.916666666666668,1.0272975058286318,6780.0,0.0,55.0
11148.0,16.133333333333333,6.345,221.0,7.866666666666667,1.8962800204970378,8962.0,4.0,52.0
11754.0,18.366666666666667,5.679,0.0,5.633333333333333,0.5,8099.0,8.0,54.5
10345.0,4.216666666666667,3.146,0.0,19.78333333333333,0.9197665931037046,7329.0,15.0,59.0
11900.0,14.65,6.808,190.0,9.35,0.5,9012.0,2.0,57.0
10573.0,0.0,0.0,61.0,24.0,1.7852683875251747,7920.0,7.0,0.0
11325.0,7.016666666666667,5.353,331.0,16.983333333333334,1.834854656393607,8654.0,12.0,53.0
8238.0,7.016666666666667,2.678,0.0,16.983333333333334,1.6066379794509675,6625.0,0.0,64.0
9550.0,8.7,2.915,0.0,15.3,1.3942176226515852,6320.0,14.0,59.0
10491.0,5.816666666666666,3.864,160.0,18.183333333333334,2.3521247091710684,8379.0,1.0,58.0
12051.0,7.366666666666666,2.367,0.0,16.633333333333333,2.001246086168226,9043.0,10.0,52.0
9015.0,6.283333333333333,4.14,183.0,17.71666666666667,2.0929001761176673,6669.0,9.0,55.0
11302.0,7.85,2.743,0.0,16.15,2.0018799201300848,7645.0,15.0,57.0
9335.0,9.016666666666667,3.504,131.0,14.983333333333333,2.0296276009349,7236.0,11.0,59.0
9706.0,7.55,2.78,38.0,16.45,0.5,6108.0,0.0,57.0
12073.0,10.416666666666666,2.24,0.0,13.583333333333334,1.2032265567482106,9446.0,3.0,66.0
5017.0,7.633333333333334,3.23,119.0,16.366666666666667,0.5,3388.0,9.0,50.0
6758.0,10.7,4.092,119.0,13.3,1.455241948758457,5087.0,7.0,52.0
6294.0,7.7,3.068,38.0,16.3,1.7267569194429582,4683.0,11.0,54.0
4165.0,7.416666666666667,3.918,68.0,16.583333333333332,2.4902059256861095,3368.0,13.0,53.0
8304.0,8.183333333333334,2.664,23.0,15.816666666666666,2.5130107415714513,6154.0,12.0,56.0
11873.0,5.9,2.895,84.0,18.1,2.051942533776657,8493.0,7.0,50.0
9287.0,10.45,2.115,0.0,13.55,1.1047472458221703,6730.0,0.0,64.0
10494.0,5.366666666666666,3.122,60.0,18.633333333333333,2.30294611211535,8538.0,5.0,56.0
12723.0,15.283333333333333,5.946,89.0,8.716666666666667,0.6021243205396472,9883.0,10.0,58.5
13319.0,6.083333333333333,5.728,40.0,17.916666666666668,1.8906918106563226,9732.0,1.0,60.0
9827.0,0.0,0.0,374.0,24.0,3.1902954218725372,7254.0,12.0,0.0
13383.0,8.016666666666667,3.423,0.0,15.983333333333333,1.3078933911407369,8989.0,13.0,64.0
10230.0,7.816666666666666,2.651,0.0,16.183333333333334,2.2823083808030837,7871.0,9.0,53.0
7906.0,8.283333333333333,2.675,0.0,15.716666666666667,2.1458476247512785,5234.0,0.0,53.0
8513.0,8.883333333333333,2.981,85.0,15.116666666666667,0.9433123946750916,6705.0,0.0,59.0
6298.0,8.333333333333334,2.47,0.0,15.666666666666666,2.348392556418847,4764.0,19.0,53.0
7779.0,8.833333333333334,2.956,53.0,15.166666666666666,2.1056631084267203,6763.0,5.0,63.0
9104.0,9.983333333333333,2.542,19.0,14.016666666666667,1.573014787827527,6327.0,0.0,58.0
12008.0,6.783333333333333,2.849,25.0,17.21666666666667,1.2880402460473104,8945.0,15.0,61.0
14301.0,8.716666666666667,2.877,63.0,15.283333333333333,1.0268891203304344,12012.0,8.0,58.0
6544.0,8.866666666666667,2.475,0.0,15.133333333333333,1.2369695295012175,5298.0,15.0,60.0
10982.0,9.083333333333334,3.335,86.0,14.916666666666666,1.9714827909710386,7854.0,10.0,64.0
7398.0,8.55,2.836,0.0,15.45,0.9760623828190214,5631.0,11.0,57.0
11186.0,6.566666666666666,2.897,0.0,17.433333333333334,2.1495919073672423,8391.0,10.0,68.0
9672.0,8.933333333333334,2.515,0.0,15.066666666666666,0.737437796451792,7390.0,12.0,63.0
5422.0,6.366666666666666,2.832,16.0,17.633333333333333,1.720485324226139,3877.0,22.0,57.0
12320.0,9.033333333333333,3.248,99.0,14.966666666666667,1.6734200948684728,9185.0,14.0,67.0
8487.0,6.45,2.235,0.0,17.55,3.5665911015412415,5687.0,0.0,60.0
8665.0,8.266666666666667,2.569,46.0,15.733333333333333,0.7092123744690761,6557.0,11.0,57.0
7325.0,7.616666666666666,3.32,137.0,16.383333333333333,2.7687435298764265,5659.0,15.0,58.0
8364.0,6.516666666666667,2.892,111.0,17.483333333333334,1.9532230231244294,6178.0,15.0,58.0
11069.0,7.316666666666666,3.315,0.0,16.683333333333334,2.0561536759445076,7408.0,5.0,60.0
9526.0,8.2,2.941,0.0,15.8,1.7628435393717432,7616.0,15.0,72.0
10821.0,7.25,2.681,0.0,16.75,2.086308772736663,8313.0,14.0,73.0
10904.0,13.816666666666666,5.326,0.0,10.183333333333334,1.010753760279921,7782.0,23.0,61.0
13301.0,7.816666666666666,3.011,60.0,16.183333333333334,2.736168460353554,9789.0,3.0,59.0
9143.0,8.416666666666666,3.466,0.0,15.583333333333334,1.3388035323760277,6171.0,5.0,61.0
6307.0,8.766666666666667,3.139,0.0,15.233333333333333,2.4158975338588062,4407.0,6.0,56.0
12668.0,8.066666666666666,2.718,0.0,15.933333333333334,1.2422763491842173,9160.0,5.0,59.0
9171.0,8.266666666666667,3.072,0.0,15.733333333333333,1.6311570408524325,7441.0,3.0,58.0
12786.0,7.766666666666667,3.109,0.0,16.233333333333334,0.9729595467301801,9181.0,0.0,60.0
10958.0,9.0,2.601,0.0,15.0,1.918516604243264,8569.0,5.0,56.0
9672.0,7.983333333333333,2.37,14.0,16.016666666666666,2.7132548365152402,6993.0,10.0,49.0
10871.0,8.183333333333334,2.939,0.0,15.816666666666666,1.627517340792069,8288.0,5.0,54.0
14877.0,8.183333333333334,2.802,40.0,15.816666666666666,1.54384667757393,11052.0,20.0,50.0
15192.0,8.416666666666666,3.376,0.0,15.583333333333334,0.8781014591857847,12057.0,8.0,57.0
10173.0,8.45,2.634,0.0,15.55,1.4944951425133843,7358.0,16.0,49.0
10400.0,8.066666666666666,2.74,0.0,15.933333333333334,0.5783773515282641,6982.0,10.0,53.0
12690.0,9.233333333333333,2.788,0.0,14.766666666666667,0.9376520759634878,8641.0,13.0,56.0
7885.0,8.133333333333333,2.731,57.0,15.866666666666667,1.8454168989430615,5704.0,10.0,52.0
10832.0,8.633333333333333,3.005,0.0,15.366666666666667,2.559975905085644,7447.0,16.0,53.0
9935.0,7.766666666666667,2.605,25.0,16.233333333333334,3.6897809361939857,7655.0,8.0,52.0
10784.0,8.5,2.988,0.0,15.5,1.2393904404503697,7837.0,11.0,54.0
7916.0,7.75,2.859,0.0,16.25,2.729710109651808,6877.0,10.0,50.0
6026.0,7.833333333333333,2.547,16.0,16.166666666666668,1.8872934029478203,3995.0,6.0,52.0
4817.0,10.183333333333334,2.57,0.0,13.816666666666666,1.3757933139442036,3662.0,10.0,53.0
7206.0,7.4,2.862,47.0,16.6,2.0628161162083067,4998.0,21.0,54.0
8853.0,8.65,3.132,0.0,15.35,1.6783415385759715,6421.0,6.0,53.0
9267.0,9.383333333333333,3.335,28.0,14.616666666666667,1.6389436745952197,7015.0,11.0,50.0
14843.0,8.616666666666667,2.865,0.0,15.383333333333333,1.3525001193546649,9406.0,16.0,56.0
12764.0,8.0,2.986,0.0,16.0,0.7213232381408046,9724.0,15.0,53.0
7594.0,7.85,2.529,0.0,16.15,0.6344623582345428,6418.0,8.0,54.0
10869.0,10.15,4.006,0.0,13.85,1.9422714182968588,7905.0,0.0,52.0
8982.0,7.616666666666666,2.728,275.0,16.383333333333333,1.544643270273334,6853.0,11.0,53.0
9289.0,8.516666666666667,3.177,0.0,15.483333333333333,1.2310711035740165,7442.0,0.0,52.0
10463.0,8.233333333333333,3.292,29.0,15.766666666666667,1.6826206053728743,7761.0,17.0,46.0
11547.0,7.966666666666667,2.688,0.0,16.03333333333333,2.2597859103742723,8325.0,9.0,51.0
9151.0,8.766666666666667,3.118,0.0,15.233333333333333,1.749588093451812,5822.0,14.0,47.0
12659.0,8.033333333333333,2.983,0.0,15.966666666666667,1.2374282110179897,9900.0,3.0,51.0
7145.0,9.4,3.554,0.0,14.6,2.418405068954265,5318.0,0.0,49.0
10015.0,8.583333333333334,2.894,76.0,15.416666666666666,2.747096518753809,7004.0,10.0,50.0
16494.0,8.7,3.377,0.0,15.3,1.9761896587259975,12475.0,8.0,49.0
10557.0,8.133333333333333,2.59,41.0,15.866666666666667,2.3682311246075294,7610.0,5.0,50.0
13583.0,8.966666666666667,4.266,0.0,15.033333333333333,2.4727053311030014,9828.0,9.0,49.0
10228.0,8.25,3.321,80.0,15.75,2.4660695214831594,7981.0,25.0,46.0
11451.0,7.933333333333334,3.359,0.0,16.066666666666666,2.136536090645503,7822.0,13.0,48.0
9858.0,9.15,3.579,65.0,14.85,2.003842932952418,7909.0,14.0,50.0
9573.0,7.433333333333334,3.672,132.0,16.566666666666666,2.1204290680092184,6511.0,13.0,48.0
8051.0,8.083333333333334,3.239,164.0,15.916666666666666,0.9235302944837362,5771.0,17.0,50.0
11075.0,7.866666666666666,3.173,0.0,16.133333333333333,2.203839543135043,9371.0,7.0,53.0
7871.0,0.0,0.521,0.0,24.0,1.5509302202114124,6347.0,0.0,
11663.0,0.0,1.198,0.0,24.0,1.9437803814124615,8804.0,7.0,
12713.0,8.5,2.952,22.0,15.5,2.562495547465661,8937.0,13.0,54.0
10916.0,6.966666666666667,5.117,167.0,17.03333333333333,2.3914874472192715,7898.0,2.0,50.0
9284.0,9.116666666666667,2.39,0.0,14.883333333333333,2.629512136113437,6997.0,7.0,53.0
11134.0,8.266666666666667,4.862,209.0,15.733333333333333,1.4831612647522288,8372.0,4.0,49.0
9228.0,14.833333333333334,5.318,0.0,9.166666666666666,0.5,6879.0,17.0,50.0
12338.0,9.583333333333334,4.112,0.0,14.416666666666666,1.3733606287174265,9235.0,12.0,58.0
5421.0,7.566666666666666,3.381,86.0,16.433333333333334,1.8147552414017354,4008.0,12.0,49.0
9160.0,8.116666666666667,3.394,0.0,15.883333333333333,1.74362543477134,6210.0,12.0,53.0
5022.0,7.783333333333333,3.669,22.0,16.21666666666667,2.5152430017963576,3637.0,8.0,50.0
6262.0,8.65,3.769,0.0,15.35,1.382110702497588,4983.0,9.0,54.0
13409.0,16.333333333333332,6.07,46.0,7.666666666666668,1.1130907969287136,9139.0,1.0,46.5
12237.0,16.65,7.178,153.0,7.350000000000001,0.5,9062.0,0.0,52.5
8201.0,8.15,3.654,34.0,15.85,2.000222094630669,5814.0,9.0,47.0
6243.0,7.033333333333333,3.903,74.0,16.96666666666667,1.7988426517966125,4717.0,10.0,45.0
3000.0,8.25,3.404,70.0,15.75,1.150130663200838,2191.0,15.0,48.0
8641.0,16.383333333333333,6.874,43.0,7.616666666666667,0.6965861131442698,7119.0,17.0,47.5
16051.0,9.85,3.45,61.0,14.15,1.3860769774393449,12444.0,17.0,47.0
11087.0,8.1,3.307,163.0,15.9,1.5008914094640327,7588.0,2.0,45.0
8601.0,8.533333333333333,4.03,0.0,15.466666666666667,2.886605536254045,6739.0,6.0,52.0
11162.0,8.1,3.746,0.0,15.9,1.6210877983844845,7939.0,11.0,46.0
6097.0,8.716666666666667,4.961,46.0,15.283333333333333,1.457606056209197,4397.0,23.0,48.0
9256.0,0.0,0.0,176.0,24.0,1.031784329672901,7087.0,17.0,0.0
10248.0,15.866666666666667,6.745,143.0,8.133333333333333,0.5,7434.0,15.0,44.5
9784.0,9.516666666666667,4.461,0.0,14.483333333333333,1.3641819362138863,7775.0,6.0,51.0
11977.0,8.083333333333334,2.848,318.0,15.916666666666666,1.2115697933430167,8518.0,3.0,48.0
10861.0,8.1,3.769,0.0,15.9,2.657195315364458,7810.0,13.0,51.0
11670.0,7.2,3.739,28.0,16.8,1.664543557222647,8370.0,1.0,49.0
8279.0,8.366666666666667,4.824,59.0,15.633333333333333,2.56524430785611,5975.0,7.0,53.0
12244.0,0.0,0.0,162.0,24.0,2.5431932438352574,9856.0,7.0,0.0
14072.0,16.266666666666666,6.618,0.0,7.733333333333334,0.8993928188284371,10996.0,18.0,47.0
7574.0,9.616666666666667,3.814,25.0,14.383333333333333,1.4761758199345827,6328.0,6.0,49.0
7780.0,0.0,0.0,86.0,24.0,2.5026573761350215,6717.0,0.0,0.0
13339.0,8.033333333333333,3.295,0.0,15.966666666666667,2.8998231688015683,9317.0,11.0,48.0
9521.0,7.583333333333333,4.14,81.0,16.416666666666668,0.5,7174.0,4.0,53.0
13509.0,7.883333333333334,2.253,0.0,16.116666666666667,0.5,9337.0,8.0,59.0
8893.0,8.566666666666666,3.417,50.0,15.433333333333334,1.2631137515940536,6324.0,7.0,53.0
13637.0,18.266666666666666,6.573,0.0,5.733333333333334,0.6835028506896315,9798.0,6.0,51.5
10328.0,0.0,0.0,46.0,24.0,2.9830730973348087,7200.0,13.0,0.0
10645.0,8.266666666666667,3.855,162.0,15.733333333333333,2.004494371952566,7424.0,0.0,52.0
13911.0,7.916666666666667,2.857,0.0,16.083333333333332,1.4393611943169342,10333.0,5.0,51.0
9095.0,10.616666666666667,3.977,96.0,13.383333333333333,2.151663918602567,6268.0,12.0,49.0
7647.0,7.933333333333334,3.071,0.0,16.066666666666666,2.4278034488735782,6057.0,4.0,49.0
8878.0,9.283333333333333,3.529,46.0,14.716666666666667,1.7005071485567627,6251.0,0.0,52.0
11130.0,7.483333333333333,4.402,168.0,16.516666666666666,2.425526967407455,9911.0,12.0,50.0
6085.0,8.283333333333333,2.9,44.0,15.716666666666667,1.8625183510691568,4426.0,15.0,55.0
11593.0,8.4,3.994,107.0,15.6,1.2669618812519814,8737.0,8.0,49.0
8653.0,7.916666666666667,2.325,0.0,16.083333333333332,2.1968051206333365,5929.0,0.0,51.0
12869.0,7.783333333333333,4.056,106.0,16.21666666666667,1.7990958524717413,10749.0,12.0,49.0
4014.0,8.55,2.762,0.0,15.45,1.645937892728141,3235.0,0.0,52.0
8033.0,7.933333333333334,4.368,168.0,16.066666666666666,2.7377341671993687,6144.0,10.0,50.0
5783.0,8.666666666666666,3.705,73.0,15.333333333333334,0.5,3948.0,3.0,52.0
7934.0,7.333333333333333,2.928,0.0,16.666666666666668,0.7742877475549681,6034.0,1.0,58.0
10619.0,7.916666666666667,3.571,92.0,16.083333333333332,0.8773840348712743,7368.0,5.0,51.0
9551.0,7.116666666666666,2.994,0.0,16.883333333333333,1.5340508800351693,7862.0,7.0,51.0
9366.0,17.016666666666666,4.865,0.0,6.983333333333334,0.6201076144971123,7403.0,4.0,49.5
9602.0,5.7,3.068,0.0,18.3,0.874872046558867,7247.0,12.0,55.0
10508.0,0.0,0.0,34.0,24.0,1.8103893773824216,6601.0,5.0,0.0
7478.0,8.683333333333334,3.335,31.0,15.316666666666666,1.0290774917001675,5241.0,14.0,50.0
11767.0,17.383333333333333,5.708,0.0,6.616666666666667,2.481863531119791,9229.0,10.0,51.5
11656.0,0.0,0.0,32.0,24.0,3.7612193634230024,9449.0,4.0,0.0
10962.0,9.0,2.334,0.0,15.0,1.3117754076207455,8829.0,3.0,54.0
11391.0,9.516666666666667,3.605,83.0,14.483333333333333,1.293825030118574,7636.0,0.0,49.0
10741.0,8.983333333333333,3.255,29.0,15.016666666666667,0.7972238686348609,8217.0,10.0,49.0
15087.0,8.05,3.76,109.0,15.95,0.5,12081.0,6.0,51.0
9782.0,9.033333333333333,2.32,0.0,14.966666666666667,1.5148505361806999,6525.0,0.0,50.0
9232.0,17.683333333333334,6.786,37.0,6.316666666666666,0.5,6920.0,5.0,47.5
8116.0,0.0,0.0,142.0,24.0,2.440604627836593,6198.0,3.0,0.0
7419.0,9.2,2.787,17.0,14.8,0.5,5452.0,17.0,49.0
6888.0,8.966666666666667,4.532,131.0,15.033333333333333,1.069951212516153,4528.0,0.0,51.0
7778.0,6.55,2.139,0.0,17.45,1.9490389667119816,5706.0,0.0,51.0
9823.0,6.533333333333333,4.633,128.0,17.46666666666667,2.103013385115423,7206.0,15.0,46.0
10835.0,9.466666666666667,3.135,0.0,14.533333333333333,1.8455637044527433,8046.0,16.0,52.0
10127.0,7.933333333333334,2.43,0.0,16.066666666666666,0.7823243777567406,7310.0,4.0,53.0
8086.0,10.016666666666667,3.996,164.0,13.983333333333333,2.0966133444282264,5885.0,4.0,56.0
12250.0,8.466666666666667,2.242,0.0,15.533333333333333,1.093185145712038,9163.0,12.0,57.0
11848.0,9.166666666666666,4.454,196.0,14.833333333333334,2.026333873558448,9148.0,0.0,50.0
9600.0,6.15,3.166,0.0,17.85,1.877552926367265,7054.0,0.0,51.0
8367.0,8.816666666666666,3.936,259.0,15.183333333333334,0.65486208397877,6104.0,6.0,50.0
11371.0,7.883333333333334,3.434,47.0,16.116666666666667,1.490328273459835,8580.0,17.0,49.0
10469.0,9.166666666666666,2.523,0.0,14.833333333333334,1.8390879527779709,6846.0,5.0,51.0
6379.0,8.233333333333333,4.057,193.0,15.766666666666667,2.105742432998886,4936.0,9.0,57.0
9830.0,7.066666666666666,2.33,0.0,16.933333333333334,1.6946418051222405,7372.0,15.0,52.0
10655.0,8.666666666666666,4.57,183.0,15.333333333333334,2.70557855675407,8012.0,21.0,52.0
7750.0,7.866666666666666,2.705,0.0,16.133333333333333,2.4185908730239247,6185.0,5.0,57.0
10474.0,7.65,3.823,71.0,16.35,1.5553421185201732,6833.0,8.0,51.0
6362.0,8.8,3.127,64.0,15.2,2.145085268495861,4144.0,19.0,57.0
13340.0,16.15,6.674,0.0,7.850000000000001,2.238655439631731,10187.0,0.0,55.0
13119.0,0.0,0.0,197.0,24.0,3.8723392205481186,9835.0,14.0,0.0
9368.0,7.383333333333334,2.891,0.0,16.616666666666667,0.9020667500909185,7106.0,2.0,63.0
10908.0,6.083333333333333,4.167,132.0,17.916666666666668,1.2430934888566614,7929.0,9.0,55.0
3975.0,7.616666666666666,3.352,71.0,16.383333333333333,2.777776484047029,3113.0,7.0,56.0
7109.0,9.05,3.799,134.0,14.95,0.8542032644136539,5663.0,2.0,61.0
9265.0,8.316666666666666,3.667,112.0,15.683333333333334,0.7425545400291581,7173.0,2.0,56.0
7319.0,7.55,2.548,0.0,16.45,1.404664108510667,5394.0,10.0,59.0
11785.0,9.3,4.091,145.0,14.7,1.86415869663221,7597.0,14.0,57.0
14993.0,8.066666666666666,2.108,0.0,15.933333333333334,1.6216556387055658,11821.0,7.0,61.0
7058.0,9.55,4.52,187.0,14.45,1.0896054657160854,5725.0,8.0,57.0
7906.0,6.083333333333333,3.097,44.0,17.916666666666668,1.4197179434595106,6184.0,11.0,55.0
10588.0,6.733333333333333,4.131,172.0,17.266666666666666,1.3280307215777707,7475.0,2.0,59.0
14027.0,7.766666666666667,2.829,0.0,16.233333333333334,1.1076765932720738,10993.0,12.0,54.0
6944.0,7.666666666666667,3.256,50.0,16.333333333333332,3.3304763474265764,5506.0,13.0,56.0
10622.0,8.55,3.29,67.0,15.45,1.8532577498298886,8794.0,24.0,59.0
14553.0,7.383333333333334,2.254,23.0,16.616666666666667,2.3823980047499838,10277.0,6.0,61.0
5870.0,9.516666666666667,3.559,124.0,14.483333333333333,1.2059791056500868,4336.0,5.0,55.0
6797.0,12.783333333333333,9.041,0.0,11.216666666666667,1.0914969926364324,5351.0,13.0,54.5
8940.0,10.366666666666667,4.212,358.0,13.633333333333333,0.9638455463740848,6731.0,13.0,57.0
8698.0,7.883333333333334,2.623,0.0,16.116666666666667,0.5,6037.0,5.0,56.0
12031.0,7.3,3.665,157.0,16.7,0.8053935062064936,9273.0,6.0,52.0
10604.0,8.233333333333333,2.292,0.0,15.766666666666667,0.5,8259.0,11.0,56.0
5562.0,7.85,4.582,157.0,16.15,0.5,4196.0,3.0,54.0
11288.0,7.333333333333333,2.545,0.0,16.666666666666668,0.9299153846579948,8590.0,6.0,62.0
8556.0,8.866666666666667,4.022,122.0,15.133333333333333,2.5408023089004748,6306.0,9.0,50.0
13186.0,7.183333333333334,3.03,62.0,16.816666666666666,1.7505613492736187,10864.0,14.0,50.0
8431.0,9.45,2.335,0.0,14.55,2.458394633624822,5943.0,4.0,67.0
8408.0,7.366666666666666,3.711,113.0,16.633333333333333,2.051021137163946,6059.0,0.0,58.0
11352.0,7.766666666666667,2.339,0.0,16.233333333333334,2.271124511333945,8520.0,0.0,61.0
11907.0,8.55,3.755,143.0,15.45,1.0143721032867974,9453.0,0.0,53.0
11120.0,6.633333333333334,3.388,122.0,17.366666666666667,2.203432334601536,7507.0,0.0,55.0
5786.0,15.166666666666666,7.241,203.0,8.833333333333334,1.4934332971853754,3960.0,7.0,59.0
11345.0,8.05,2.587,0.0,15.95,1.2913468954364151,7352.0,1.0,54.0
7414.0,7.15,3.401,69.0,16.85,2.1766782594313163,5572.0,4.0,59.0
10588.0,9.083333333333334,2.252,0.0,14.916666666666666,1.9879980976690497,7349.0,3.0,67.0
6440.0,10.05,3.104,136.0,13.95,1.110313165208942,4706.0,5.0,61.0
11115.0,12.516666666666667,7.337,0.0,11.483333333333333,0.5,8704.0,16.0,63.0
7983.0,0.0,0.0,166.0,24.0,1.6711101676712095,5731.0,12.0,0.0
6793.0,7.466666666666667,2.771,0.0,16.53333333333333,1.8138872126783565,5173.0,8.0,55.0
11784.0,11.833333333333334,2.266,0.0,12.166666666666666,1.545573574819187,8662.0,5.0,54.0
10604.0,7.583333333333333,0.0,0.0,16.416666666666668,1.1868985853461267,8309.0,5.0,55.0
