Cycle start time,Cycle end time,Cycle timezone,Workout start time,Workout end time,Duration (min),Activity name,Activity Strain,Energy burned (cal),Max HR (bpm),Average HR (bpm),HR Zone 1 %,HR Zone 2 %,HR Zone 3 %,HR Zone 4 %,HR Zone 5 %,GPS enabled
2025-11-15 21:53:59,2025-11-17 00:31:46,UTC-05:00,2025-11-16 15:00:00,2025-11-16 17:46:29,166,Powerlifting,14.3,1277.0,184,128,60,30,1,0,0,false
2025-11-14 00:08:00,2025-11-15 00:22:27,UTC-05:00,2025-11-14 19:45:00,2025-11-14 22:01:23,136,Powerlifting,10.9,714.0,160,114,57,9,0,0,0,false
2025-11-12 00:33:38,2025-11-13 00:40:46,UTC-05:00,2025-11-12 22:24:00,2025-11-12 23:07:29,43,Powerlifting,7.9,320.0,165,125,68,20,3,0,0,false
2025-11-12 00:33:38,2025-11-13 00:40:46,UTC-05:00,2025-11-12 21:13:30,2025-11-12 21:40:29,26,Powerlifting,5.9,163.0,159,119,67,13,0,0,0,false
2025-11-09 00:24:34,2025-11-09 23:23:03,UTC-05:00,2025-11-09 15:24:00,2025-11-09 15:52:29,28,Powerlifting,5.7,157.0,150,116,76,4,0,0,0,false
2025-11-09 00:24:34,2025-11-09 23:23:03,UTC-05:00,2025-11-09 14:04:30,2025-11-09 15:05:59,61,Powerlifting,9.4,444.0,170,125,56,23,3,0,0,false
2025-11-09 00:24:34,2025-11-09 23:23:03,UTC-05:00,2025-11-09 11:22:30,2025-11-09 12:16:29,53,Activity,10.3,426.0,178,127,27,25,17,1,0,false
2025-11-09 00:24:34,2025-11-09 23:23:03,UTC-05:00,2025-11-09 09:15:00,2025-11-09 10:16:29,61,Activity,11.9,604.0,185,137,55,28,14,3,0,false
2025-11-08 02:51:40,2025-11-09 00:24:34,UTC-05:00,2025-11-08 18:16:30,2025-11-08 19:14:59,58,Powerlifting,8.3,377.0,161,121,66,16,0,0,0,false
2025-11-08 02:51:40,2025-11-09 00:24:34,UTC-05:00,2025-11-08 17:01:30,2025-11-08 18:05:59,64,Powerlifting,7.4,325.0,162,114,67,4,0,0,0,false
2025-11-07 00:56:44,2025-11-08 02:51:40,UTC-05:00,2025-11-07 20:57:00,2025-11-07 22:49:29,112,Powerlifting,12.7,892.0,169,129,64,28,3,0,0,false
2025-11-07 00:56:44,2025-11-08 02:51:40,UTC-05:00,2025-11-07 20:10:30,2025-11-07 20:41:59,31,Powerlifting,5.5,143.0,157,112,63,3,0,0,0,false
2025-11-05 00:37:46,2025-11-06 01:31:14,UTC-05:00,2025-11-05 21:46:30,2025-11-05 23:40:29,113,Powerlifting,13.7,992.0,179,132,51,34,8,0,0,false
2025-11-03 00:48:03,2025-11-04 00:37:00,UTC-05:00,2025-11-03 16:33:00,2025-11-03 17:35:59,62,Powerlifting,10.1,515.0,167,130,66,28,2,0,0,false
2025-11-02 00:07:47,2025-11-03 00:48:03,UTC-05:00,2025-11-02 14:58:30,2025-11-02 17:01:29,122,Powerlifting,12.7,904.0,167,126,67,23,2,0,0,false
2025-10-31 01:02:13,2025-11-01 04:37:08,UTC-04:00,2025-10-31 19:40:30,2025-10-31 22:17:59,157,Activity,13.2,1065.0,171,123,63,17,2,0,0,false
2025-10-29 00:40:41,2025-10-30 01:30:41,UTC-04:00,2025-10-29 21:07:30,2025-10-29 23:44:59,157,Powerlifting,14.6,1299.0,167,131,55,33,5,0,0,false
2025-10-25 23:40:00,2025-10-26 23:16:05,UTC-04:00,2025-10-26 17:52:30,2025-10-26 19:49:29,116,Activity,15.3,1211.0,176,141,33,38,27,0,0,false
2025-10-25 23:40:00,2025-10-26 23:16:05,UTC-04:00,2025-10-26 15:00:00,2025-10-26 16:20:59,80,Activity,12.1,746.0,161,136,52,47,1,0,0,false
2025-10-25 23:40:00,2025-10-26 23:16:05,UTC-04:00,2025-10-26 11:58:30,2025-10-26 13:16:29,77,Activity,12.2,732.0,165,137,46,51,3,0,0,false
2025-10-25 23:40:00,2025-10-26 23:16:05,UTC-04:00,2025-10-26 09:00:00,2025-10-26 10:25:29,85,Activity,13.8,929.0,169,144,19,64,17,0,0,false
2025-10-24 00:40:34,2025-10-25 02:13:59,UTC-04:00,2025-10-24 20:51:00,2025-10-24 22:55:29,124,Powerlifting,12.1,795.0,172,122,52,20,4,0,0,false
2025-10-23 01:59:26,2025-10-24 00:40:34,UTC-04:00,2025-10-23 19:07:30,2025-10-23 19:31:29,23,Activity,5.0,100.0,151,112,64,0,0,0,0,false
2025-10-22 01:11:14,2025-10-23 01:59:26,UTC-04:00,2025-10-22 22:13:30,2025-10-22 23:20:59,67,Powerlifting,12.2,673.0,168,139,34,56,10,0,0,false
2025-10-21 00:49:26,2025-10-22 01:11:14,UTC-04:00,2025-10-21 18:09:00,2025-10-21 18:59:59,50,Tennis,10.8,511.0,165,140,33,59,8,0,0,false
2025-10-19 01:42:25,2025-10-20 01:10:56,UTC-04:00,2025-10-19 14:49:30,2025-10-19 17:41:59,172,Powerlifting,16.1,1567.0,175,135,36,45,12,0,0,false
2025-10-18 03:43:28,2025-10-19 01:42:25,UTC-04:00,2025-10-18 17:42:00,2025-10-18 18:26:59,44,Golf,7.2,268.0,166,120,66,17,1,0,0,false
2025-10-17 00:26:36,2025-10-18 03:43:28,UTC-04:00,2025-10-17 20:48:00,2025-10-17 23:55:29,187,Powerlifting,15.5,1560.0,180,131,46,43,5,0,0,false
2025-10-15 00:33:33,2025-10-16 02:46:50,UTC-04:00,2025-10-15 21:01:30,2025-10-15 23:26:59,145,Powerlifting,15.1,1327.0,186,135,39,45,13,0,0,false
2025-10-13 01:40:49,2025-10-14 01:00:57,UTC-04:00,2025-10-13 18:09:00,2025-10-13 20:01:29,112,Powerlifting,11.6,744.0,167,122,62,24,1,0,0,false
2025-10-12 00:47:21,2025-10-13 01:40:49,UTC-04:00,2025-10-12 14:10:30,2025-10-12 14:59:59,49,Golf,10.0,447.0,169,134,40,47,10,0,0,false
2025-10-12 00:47:21,2025-10-13 01:40:49,UTC-04:00,2025-10-12 12:30:00,2025-10-12 13:55:29,85,Golf,12.1,732.0,167,131,50,41,5,0,0,false
2025-10-11 01:55:30,2025-10-12 00:47:21,UTC-04:00,2025-10-11 16:40:30,2025-10-11 17:52:29,71,Activity,13.8,804.0,176,144,22,33,41,1,0,false
2025-10-10 01:24:08,2025-10-11 01:55:30,UTC-04:00,2025-10-10 20:46:30,2025-10-10 21:40:29,53,Powerlifting,7.0,290.0,150,115,74,5,0,0,0,false
2025-10-10 01:24:08,2025-10-11 01:55:30,UTC-04:00,2025-10-10 09:58:30,2025-10-10 11:17:59,79,Golf,10.9,615.0,171,126,61,29,2,0,0,false
2025-10-07 23:44:50,2025-10-09 01:49:27,UTC-04:00,2025-10-08 20:51:00,2025-10-09 00:08:59,197,Powerlifting,15.7,1588.0,174,128,54,29,8,0,0,false
2025-10-06 00:39:57,2025-10-07 00:48:24,UTC-04:00,2025-10-06 18:01:30,2025-10-06 19:05:59,64,Powerlifting,9.5,485.0,165,125,71,24,0,0,0,false
2025-10-05 01:19:02,2025-10-06 00:39:57,UTC-04:00,2025-10-05 14:52:30,2025-10-05 16:04:29,71,Powerlifting,9.9,505.0,165,123,63,23,3,0,0,false
2025-10-03 00:49:32,2025-10-04 03:11:29,UTC-04:00,2025-10-03 21:06:00,2025-10-03 23:53:59,167,Powerlifting,14.9,1405.0,169,129,60,31,6,0,0,false
2025-10-03 00:49:32,2025-10-04 03:11:29,UTC-04:00,2025-10-03 17:39:00,2025-10-03 17:55:29,16,Golf,5.1,76.0,168,109,14,17,6,0,0,false
2025-10-01 00:11:35,2025-10-02 01:24:11,UTC-04:00,2025-10-01 20:31:30,2025-10-01 23:44:59,193,Powerlifting,16.3,1655.0,183,130,48,30,14,0,0,false
2025-09-29 00:33:16,2025-09-30 01:04:16,UTC-04:00,2025-09-29 20:31:30,2025-09-29 21:19:29,47,Golf,8.2,338.0,165,123,55,28,2,0,0,false
2025-09-28 01:16:07,2025-09-29 00:33:16,UTC-04:00,2025-09-28 14:51:00,2025-09-28 18:02:59,191,Powerlifting,14.8,1467.0,172,126,69,25,2,0,0,false
2025-09-28 01:16:07,2025-09-29 00:33:16,UTC-04:00,2025-09-28 11:00:00,2025-09-28 12:08:59,68,Activity,10.4,535.0,177,126,69,23,4,1,0,false
2025-09-26 00:26:52,2025-09-27 03:06:37,UTC-04:00,2025-09-26 20:39:00,2025-09-26 23:55:29,196,Activity,15.8,1633.0,177,129,57,29,8,0,0,false
2025-09-24 00:17:18,2025-09-25 01:47:24,UTC-04:00,2025-09-24 20:55:30,2025-09-24 23:40:29,164,Activity,15.8,1547.0,172,134,44,46,9,0,0,false
2025-09-21 01:35:21,2025-09-22 00:21:28,UTC-04:00,2025-09-21 14:57:00,2025-09-21 17:05:59,128,Activity,16.5,1447.0,180,143,22,46,29,3,0,false
2025-09-19 02:00:56,2025-09-20 04:32:55,UTC-04:00,2025-09-19 20:43:30,2025-09-19 22:55:29,131,Activity,14.7,1146.0,174,130,36,39,13,0,0,false
2025-09-18 02:18:45,2025-09-19 02:00:56,UTC-04:00,2025-09-18 19:12:00,2025-09-18 19:29:59,17,Golf,4.7,73.0,147,106,47,2,0,0,0,false
2025-09-16 23:23:40,2025-09-18 02:18:45,UTC-04:00,2025-09-17 21:03:00,2025-09-17 23:25:29,142,Activity,16.3,1464.0,179,138,26,50,18,1,0,false
2025-09-16 00:04:09,2025-09-16 23:23:40,UTC-04:00,2025-09-16 15:13:30,2025-09-16 15:50:59,37,Activity,5.8,176.0,148,110,66,1,0,0,0,false
2025-09-14 01:20:49,2025-09-15 00:55:34,UTC-04:00,2025-09-14 16:10:30,2025-09-14 17:59:59,109,Activity,13.3,927.0,184,130,52,36,7,0,0,false
2025-09-13 01:33:21,2025-09-14 01:20:49,UTC-04:00,2025-09-13 17:27:00,2025-09-13 17:56:59,29,Activity,9.9,332.0,190,143,22,29,35,11,0,false
2025-09-12 00:26:04,2025-09-13 01:33:21,UTC-04:00,2025-09-12 16:03:00,2025-09-12 17:26:59,83,Powerlifting,11.2,646.0,167,126,67,25,2,0,0,false
2025-09-09 23:55:43,2025-09-11 00:47:37,UTC-04:00,2025-09-10 22:37:30,2025-09-10 23:10:29,32,Weightlifting,7.4,229.0,174,122,41,23,9,0,0,false
2025-09-08 01:18:01,2025-09-09 01:09:14,UTC-04:00,2025-09-08 16:24:00,2025-09-08 16:55:29,31,Golf,7.3,259.0,160,129,66,32,1,0,0,false
2025-09-06 19:01:33,2025-09-08 01:18:01,UTC-04:00,2025-09-07 17:18:00,2025-09-07 17:52:29,34,Activity,8.6,332.0,163,136,51,46,3,0,0,false
2025-09-03 00:04:30,2025-09-04 00:52:20,UTC-04:00,2025-09-03 20:25:30,2025-09-03 21:07:29,41,Powerlifting,7.3,273.0,154,120,63,22,0,0,0,false
2025-09-03 00:04:30,2025-09-04 00:52:20,UTC-04:00,2025-09-03 19:30:00,2025-09-03 20:02:59,32,Powerlifting,5.6,151.0,163,110,64,4,0,0,0,false
2025-09-03 00:04:30,2025-09-04 00:52:20,UTC-04:00,2025-09-03 14:40:30,2025-09-03 14:59:59,19,Activity,5.5,133.0,153,122,80,16,0,0,0,false
2025-09-01 00:49:42,2025-09-02 00:39:26,UTC-04:00,2025-09-01 18:21:00,2025-09-01 19:02:59,41,Powerlifting,7.0,264.0,162,119,76,11,0,0,0,false
2025-09-01 00:49:42,2025-09-02 00:39:26,UTC-04:00,2025-09-01 11:51:00,2025-09-01 12:23:59,32,Activity,9.0,343.0,166,139,31,58,11,0,0,false
2025-08-31 01:03:02,2025-09-01 00:49:42,UTC-04:00,2025-08-31 19:06:00,2025-08-31 19:20:59,14,Golf,4.5,51.0,133,104,43,0,0,0,0,false
2025-08-31 01:03:02,2025-09-01 00:49:42,UTC-04:00,2025-08-31 10:25:30,2025-08-31 12:59:59,154,Golf,14.4,1269.0,170,129,60,32,4,0,0,false
2025-08-29 01:42:07,2025-08-30 00:56:12,UTC-04:00,2025-08-29 21:16:30,2025-08-29 22:10:29,53,Golf,10.0,477.0,167,132,55,40,3,0,0,false
2025-08-29 01:42:07,2025-08-30 00:56:12,UTC-04:00,2025-08-29 19:42:00,2025-08-29 20:35:59,53,Golf,9.2,416.0,167,126,51,33,3,0,0,false
2025-08-27 01:35:02,2025-08-28 02:04:36,UTC-04:00,2025-08-27 19:22:30,2025-08-27 21:10:29,107,Golf,12.5,862.0,163,128,67,29,1,0,0,false
2025-08-26 01:22:30,2025-08-27 01:35:02,UTC-04:00,2025-08-26 11:27:00,2025-08-26 12:11:59,44,Golf,8.4,348.0,160,126,64,30,1,0,0,false
2025-08-25 02:00:10,2025-08-26 01:22:30,UTC-04:00,2025-08-25 15:55:30,2025-08-25 16:55:29,59,Golf,7.4,296.0,165,110,52,9,1,0,0,false
2025-08-25 02:00:10,2025-08-26 01:22:30,UTC-04:00,2025-08-25 14:19:30,2025-08-25 15:46:29,86,Golf,11.3,658.0,165,125,65,27,2,0,0,false
2025-08-25 02:00:10,2025-08-26 01:22:30,UTC-04:00,2025-08-25 11:27:00,2025-08-25 11:50:59,23,Powerlifting,5.9,151.0,156,118,59,16,1,0,0,false
2025-08-24 01:15:37,2025-08-25 02:00:10,UTC-04:00,2025-08-24 14:13:30,2025-08-24 14:59:59,46,Powerlifting,8.4,350.0,168,125,62,24,4,0,0,false
2025-08-22 00:23:45,2025-08-23 01:33:18,UTC-04:00,2025-08-22 14:52:30,2025-08-22 15:43:29,50,Powerlifting,8.3,361.0,171,123,74,19,2,0,0,false
2025-08-22 00:23:45,2025-08-23 01:33:18,UTC-04:00,2025-08-22 13:39:00,2025-08-22 14:25:29,46,Powerlifting,8.0,306.0,164,120,44,28,5,0,0,false
2025-08-20 01:14:52,2025-08-21 01:32:42,UTC-04:00,2025-08-20 17:54:00,2025-08-20 19:56:59,122,Golf,12.4,797.0,167,119,50,23,5,0,0,false
2025-08-20 01:14:52,2025-08-21 01:32:42,UTC-04:00,2025-08-20 15:06:00,2025-08-20 15:32:59,26,Powerlifting,6.3,189.0,150,122,70,19,0,0,0,false
2025-08-20 01:14:52,2025-08-21 01:32:42,UTC-04:00,2025-08-20 13:09:00,2025-08-20 13:23:59,14,Powerlifting,4.6,67.0,140,107,71,0,0,0,0,false
2025-08-18 23:18:11,2025-08-20 01:14:52,UTC-04:00,2025-08-19 12:39:00,2025-08-19 13:25:29,46,Golf,7.4,307.0,156,120,81,11,0,0,0,false
2025-08-17 00:27:02,2025-08-18 01:46:22,UTC-04:00,2025-08-17 16:48:00,2025-08-17 17:38:59,50,Powerlifting,8.1,345.0,157,120,65,19,0,0,0,false
2025-08-15 01:29:59,2025-08-16 01:50:41,UTC-04:00,2025-08-15 11:43:30,2025-08-15 12:28:29,44,Powerlifting,8.5,350.0,169,125,60,30,3,0,0,false
2025-08-15 01:29:59,2025-08-16 01:50:41,UTC-04:00,2025-08-15 10:52:30,2025-08-15 11:29:59,37,Powerlifting,8.2,322.0,193,129,57,38,3,0,0,false
2025-08-12 23:20:57,2025-08-14 01:57:34,UTC-04:00,2025-08-13 19:45:00,2025-08-13 21:11:59,86,Powerlifting,11.2,647.0,166,123,60,29,1,0,0,false
2025-08-11 23:07:57,2025-08-12 23:20:57,UTC-04:00,2025-08-12 17:54:00,2025-08-12 18:19:29,25,Yoga,11.3,328.0,181,151,7,32,57,4,0,false
2025-08-09 22:54:36,2025-08-11 00:44:39,UTC-04:00,2025-08-10 18:04:30,2025-08-10 18:20:59,16,Powerlifting,4.6,64.0,143,105,58,1,0,0,0,false
2025-08-09 22:54:36,2025-08-11 00:44:39,UTC-04:00,2025-08-10 15:19:30,2025-08-10 17:46:29,146,Activity,13.5,1107.0,163,123,62,27,1,0,0,false
2025-08-08 23:46:43,2025-08-09 22:54:36,UTC-04:00,2025-08-09 17:25:30,2025-08-09 18:25:29,59,Powerlifting,7.8,337.0,157,113,64,9,0,0,0,false
2025-08-07 23:01:35,2025-08-08 23:46:43,UTC-04:00,2025-08-08 17:45:00,2025-08-08 18:13:29,28,Powerlifting,5.4,139.0,156,109,65,2,0,0,0,false
2025-08-05 23:28:43,2025-08-06 22:54:11,UTC-04:00,2025-08-06 16:43:30,2025-08-06 19:07:29,143,Golf,12.0,835.0,164,114,60,12,0,0,0,false
2025-08-05 23:28:43,2025-08-06 22:54:11,UTC-04:00,2025-08-06 15:09:00,2025-08-06 15:38:59,29,Golf,8.8,319.0,169,139,33,54,13,0,0,false
2025-08-05 23:28:43,2025-08-06 22:54:11,UTC-04:00,2025-08-06 11:39:00,2025-08-06 14:05:59,146,Powerlifting,12.1,834.0,164,113,54,13,1,0,0,false
2025-08-04 00:26:51,2025-08-04 23:19:34,UTC-04:00,2025-08-04 14:36:00,2025-08-04 16:01:29,85,Golf,10.3,564.0,164,118,62,19,1,0,0,false
2025-08-04 00:26:51,2025-08-04 23:19:34,UTC-04:00,2025-08-04 11:43:30,2025-08-04 12:41:59,58,Powerlifting,10.1,476.0,165,126,53,29,5,0,0,false
2025-08-02 22:28:33,2025-08-04 00:26:51,UTC-04:00,2025-08-03 17:52:30,2025-08-03 18:28:29,35,Powerlifting,7.6,271.0,167,123,62,22,4,0,0,false
2025-08-02 22:28:33,2025-08-04 00:26:51,UTC-04:00,2025-08-03 14:15:00,2025-08-03 15:38:59,83,Activity,9.7,532.0,157,117,73,9,0,0,0,false
2025-08-02 22:28:33,2025-08-04 00:26:51,UTC-04:00,2025-08-03 08:34:30,2025-08-03 09:32:59,58,Activity,9.4,440.0,169,123,58,25,3,0,0,false
2025-08-01 23:03:09,2025-08-02 22:28:33,UTC-04:00,2025-08-02 13:01:30,2025-08-02 13:47:59,46,Activity,8.4,356.0,158,124,72,22,1,0,0,false
2025-07-29 23:07:39,2025-07-30 23:03:16,UTC-04:00,2025-07-30 15:46:30,2025-07-30 16:22:29,35,Golf,6.2,207.0,159,115,78,5,0,0,0,false
2025-07-29 23:07:39,2025-07-30 23:03:16,UTC-04:00,2025-07-30 14:12:00,2025-07-30 15:22:29,70,Golf,8.1,365.0,164,111,52,13,0,0,0,false
2025-07-29 23:07:39,2025-07-30 23:03:16,UTC-04:00,2025-07-30 12:36:00,2025-07-30 12:59:59,23,Powerlifting,5.2,115.0,152,108,62,2,0,0,0,false
2025-07-29 23:07:39,2025-07-30 23:03:16,UTC-04:00,2025-07-30 11:21:00,2025-07-30 11:56:59,35,Powerlifting,5.4,145.0,153,104,53,3,0,0,0,false
2025-07-28 23:25:45,2025-07-29 23:07:39,UTC-04:00,2025-07-29 14:36:00,2025-07-29 15:37:29,61,Activity,8.7,425.0,155,121,80,15,0,0,0,false
2025-07-28 00:20:46,2025-07-28 23:25:45,UTC-04:00,2025-07-28 10:51:00,2025-07-28 11:34:29,43,Powerlifting,6.2,212.0,158,110,62,3,0,0,0,false
2025-07-25 23:57:12,2025-07-26 22:54:16,UTC-04:00,2025-07-26 17:12:00,2025-07-26 18:22:29,70,Powerlifting,9.4,495.0,164,122,78,16,0,0,0,false
2025-07-24 22:54:55,2025-07-25 23:57:12,UTC-04:00,2025-07-25 18:03:00,2025-07-25 18:34:29,31,Powerlifting,6.9,225.0,165,122,57,24,5,0,0,false
2025-07-24 22:54:55,2025-07-25 23:57:12,UTC-04:00,2025-07-25 12:18:00,2025-07-25 13:01:29,43,Activity,8.8,329.0,175,124,43,20,14,0,0,false
2025-07-23 23:17:27,2025-07-24 22:54:55,UTC-04:00,2025-07-24 08:07:30,2025-07-24 08:42:00,34,Activity,7.4,255.0,165,124,53,28,4,0,0,false
2025-07-23 00:04:02,2025-07-23 23:17:27,UTC-04:00,2025-07-23 16:09:00,2025-07-23 16:53:59,44,Powerlifting,7.7,299.0,167,120,55,22,2,0,0,false
2025-07-23 00:04:02,2025-07-23 23:17:27,UTC-04:00,2025-07-23 13:01:30,2025-07-23 13:16:29,14,Golf,4.7,68.0,154,109,60,7,0,0,0,false
2025-07-23 00:04:02,2025-07-23 23:17:27,UTC-04:00,2025-07-23 11:49:30,2025-07-23 12:38:59,49,Golf,7.3,306.0,153,117,84,7,0,0,0,false
2025-07-23 00:04:02,2025-07-23 23:17:27,UTC-04:00,2025-07-23 10:46:30,2025-07-23 11:32:59,46,Powerlifting,8.2,340.0,169,123,59,28,2,0,0,false
2025-07-21 00:44:20,2025-07-21 23:24:07,UTC-04:00,2025-07-21 12:34:30,2025-07-21 13:20:59,46,Powerlifting,9.9,446.0,166,135,43,52,5,0,0,false
2025-07-17 22:52:15,2025-07-18 23:12:35,UTC-04:00,2025-07-18 17:15:00,2025-07-18 17:37:29,22,Powerlifting,5.4,130.0,151,115,80,6,0,0,0,false
2025-07-15 23:25:00,2025-07-16 23:08:21,UTC-04:00,2025-07-16 17:54:00,2025-07-16 18:13:22,19,Golf,7.8,220.0,167,143,17,55,28,0,0,false
2025-07-15 23:25:00,2025-07-16 23:08:21,UTC-04:00,2025-07-16 10:36:00,2025-07-16 11:43:29,67,Powerlifting,9.7,490.0,165,123,67,20,4,0,0,false
2025-07-13 00:43:29,2025-07-14 01:53:26,UTC-04:00,2025-07-13 15:19:30,2025-07-13 17:05:59,106,Pickleball,13.0,844.0,181,126,49,27,9,0,0,false
2025-07-13 00:43:29,2025-07-14 01:53:26,UTC-04:00,2025-07-13 13:22:30,2025-07-13 14:05:59,43,Dog Walking,8.5,336.0,192,124,51,28,8,0,0,false
2025-07-13 00:43:29,2025-07-14 01:53:26,UTC-04:00,2025-07-13 12:15:00,2025-07-13 12:50:59,35,Powerlifting,6.8,217.0,161,116,46,21,2,0,0,false
2025-07-13 00:43:29,2025-07-14 01:53:26,UTC-04:00,2025-07-13 11:21:00,2025-07-13 11:46:29,25,Powerlifting,6.7,208.0,161,127,66,27,5,0,0,false
2025-07-11 00:30:55,2025-07-12 01:04:27,UTC-04:00,2025-07-11 21:22:30,2025-07-11 22:11:59,49,Dance,13.2,622.0,187,149,9,37,42,11,0,false
2025-07-11 00:30:55,2025-07-12 01:04:27,UTC-04:00,2025-07-11 19:43:30,2025-07-11 21:11:59,88,Dance,15.5,1035.0,196,145,24,32,25,14,2,false
2025-07-11 00:30:55,2025-07-12 01:04:27,UTC-04:00,2025-07-11 15:52:30,2025-07-11 16:07:29,14,Powerlifting,4.6,68.0,148,107,64,2,0,0,0,false
2025-07-11 00:30:55,2025-07-12 01:04:27,UTC-04:00,2025-07-11 10:43:30,2025-07-11 10:59:59,16,Golf,4.3,44.0,138,94,29,0,0,0,0,false
2025-07-10 01:00:44,2025-07-11 00:30:55,UTC-04:00,2025-07-10 14:34:30,2025-07-10 14:56:59,22,Activity,9.5,276.0,193,148,24,39,19,15,3,false
2025-07-02 23:33:11,2025-07-03 22:54:24,UTC-04:00,2025-07-03 17:31:30,2025-07-03 18:35:59,64,Golf,7.1,306.0,161,109,60,4,0,0,0,false
2025-07-02 23:33:11,2025-07-03 22:54:24,UTC-04:00,2025-07-03 14:37:30,2025-07-03 16:17:59,100,Powerlifting,11.1,654.0,166,119,56,15,2,0,0,false
2025-07-01 23:20:29,2025-07-02 23:33:11,UTC-04:00,2025-07-02 17:43:30,2025-07-02 18:14:59,31,Golf,5.5,144.0,143,109,65,0,0,0,0,false
2025-07-01 23:20:29,2025-07-02 23:33:11,UTC-04:00,2025-07-02 17:13:30,2025-07-02 17:31:29,17,Golf,4.8,82.0,148,108,57,3,0,0,0,false
2025-07-01 23:20:29,2025-07-02 23:33:11,UTC-04:00,2025-07-02 16:37:30,2025-07-02 16:55:29,17,Golf,4.8,83.0,140,110,62,0,0,0,0,false
2025-07-01 23:20:29,2025-07-02 23:33:11,UTC-04:00,2025-07-02 10:57:00,2025-07-02 11:32:59,35,Powerlifting,6.8,237.0,153,119,67,17,0,0,0,false
2025-07-01 23:20:29,2025-07-02 23:33:11,UTC-04:00,2025-07-02 09:49:30,2025-07-02 10:22:29,32,Powerlifting,8.2,308.0,161,133,61,35,4,0,0,false
2025-06-30 23:03:19,2025-07-01 23:20:29,UTC-04:00,2025-07-01 17:36:00,2025-07-01 18:41:59,65,Golf,10.1,537.0,160,127,76,21,0,0,0,false
2025-06-28 22:00:21,2025-06-29 22:42:47,UTC-04:00,2025-06-29 15:12:00,2025-06-29 16:32:59,80,Golf,9.5,519.0,161,119,71,12,1,0,0,false
2025-06-26 22:14:34,2025-06-27 22:51:45,UTC-04:00,2025-06-27 17:21:00,2025-06-27 17:37:29,16,Powerlifting,5.1,98.0,149,117,81,6,0,0,0,false
2025-06-26 22:14:34,2025-06-27 22:51:45,UTC-04:00,2025-06-27 16:03:00,2025-06-27 16:28:29,25,Powerlifting,5.4,129.0,149,113,67,3,0,0,0,false
2025-06-24 23:05:06,2025-06-25 22:23:38,UTC-04:00,2025-06-25 11:40:30,2025-06-25 12:56:59,76,Powerlifting,9.6,516.0,157,122,71,17,0,0,0,false
2025-06-19 22:44:56,2025-06-20 22:40:39,UTC-04:00,2025-06-20 16:22:30,2025-06-20 16:52:29,29,Golf,4.9,103.0,158,104,40,3,0,0,0,false
2025-06-17 22:44:13,2025-06-18 23:22:27,UTC-04:00,2025-06-18 15:51:00,2025-06-18 16:35:59,44,Golf,7.8,324.0,165,124,81,14,2,0,0,false
2025-06-17 22:44:13,2025-06-18 23:22:27,UTC-04:00,2025-06-18 12:55:30,2025-06-18 15:40:29,164,Golf,11.9,891.0,161,115,69,7,0,0,0,false
2025-06-17 22:44:13,2025-06-18 23:22:27,UTC-04:00,2025-06-18 12:21:00,2025-06-18 12:35:59,14,Powerlifting,5.1,91.0,152,118,67,17,0,0,0,false
2025-06-17 22:44:13,2025-06-18 23:22:27,UTC-04:00,2025-06-18 11:13:30,2025-06-18 12:07:29,53,Powerlifting,8.8,394.0,169,124,62,20,5,0,0,false
2025-06-12 22:20:35,2025-06-13 23:05:34,UTC-04:00,2025-06-13 20:42:00,2025-06-13 21:10:29,28,Powerlifting,5.1,116.0,156,103,51,3,0,0,0,false
2025-06-10 22:44:56,2025-06-11 23:35:09,UTC-04:00,2025-06-11 13:39:00,2025-06-11 13:58:29,19,Powerlifting,5.5,125.0,152,119,62,14,0,0,0,false
2025-06-10 22:44:56,2025-06-11 23:35:09,UTC-04:00,2025-06-11 12:36:00,2025-06-11 13:04:29,28,Powerlifting,5.1,113.0,147,106,56,1,0,0,0,false
2025-06-08 23:10:03,2025-06-09 23:09:23,UTC-04:00,2025-06-09 13:46:30,2025-06-09 14:02:59,16,Golf,4.9,84.0,154,114,57,4,0,0,0,false
2025-06-05 22:16:04,2025-06-06 23:13:52,UTC-04:00,2025-06-06 19:52:30,2025-06-06 20:17:59,25,Powerlifting,5.5,144.0,150,114,60,7,0,0,0,false
2025-06-03 23:15:25,2025-06-04 22:51:12,UTC-04:00,2025-06-04 13:55:30,2025-06-04 14:22:29,26,Golf,4.6,80.0,150,103,32,1,0,0,0,false
2025-06-03 23:15:25,2025-06-04 22:51:12,UTC-04:00,2025-06-04 10:48:00,2025-06-04 11:19:29,31,Powerlifting,7.7,250.0,176,128,40,24,14,0,0,false
2025-05-29 22:47:56,2025-05-30 22:48:27,UTC-04:00,2025-05-30 14:48:00,2025-05-30 15:28:29,40,Powerlifting,6.1,198.0,154,115,55,8,0,0,0,false
2025-05-27 23:58:52,2025-05-28 22:59:56,UTC-04:00,2025-05-28 11:25:30,2025-05-28 11:40:29,14,Powerlifting,4.5,55.0,151,109,42,4,0,0,0,false
2025-05-20 22:49:33,2025-05-21 23:06:34,UTC-04:00,2025-05-21 18:13:30,2025-05-21 18:57:24,43,Powerlifting,6.3,213.0,175,113,41,11,1,0,0,false
2025-05-20 22:49:33,2025-05-21 23:06:34,UTC-04:00,2025-05-21 16:39:00,2025-05-21 16:56:22,17,High Stress Work,5.1,95.0,162,119,51,11,2,0,0,false
2025-05-16 02:28:12,2025-05-17 02:41:19,UTC-04:00,2025-05-16 21:09:00,2025-05-16 21:43:29,34,Activity,9.5,306.0,191,134,47,8,18,9,2,false
2025-05-16 02:28:12,2025-05-17 02:41:19,UTC-04:00,2025-05-16 20:27:00,2025-05-16 20:49:29,22,Powerlifting,5.5,130.0,164,120,59,9,3,0,0,false
2025-05-16 02:28:12,2025-05-17 02:41:19,UTC-04:00,2025-05-16 19:12:00,2025-05-16 20:07:29,55,Powerlifting,6.9,279.0,161,117,67,4,0,0,0,false
2025-05-15 00:19:59,2025-05-16 02:28:12,UTC-04:00,2025-05-15 10:07:30,2025-05-15 12:25:29,137,Golf,12.5,923.0,171,125,70,14,1,0,0,false
2025-05-14 00:42:03,2025-05-15 00:19:59,UTC-04:00,2025-05-14 20:03:00,2025-05-14 20:49:29,46,Powerlifting,6.4,238.0,159,117,70,4,0,0,0,false
2025-05-12 00:41:47,2025-05-13 02:28:51,UTC-04:00,2025-05-12 19:24:00,2025-05-12 20:17:59,53,Golf,9.0,423.0,163,130,70,23,3,0,0,false
2025-05-12 00:41:47,2025-05-13 02:28:51,UTC-04:00,2025-05-12 15:09:00,2025-05-12 15:55:29,46,Golf,6.6,240.0,160,117,64,5,0,0,0,false
2025-05-11 00:37:28,2025-05-12 00:41:47,UTC-04:00,2025-05-11 22:28:30,2025-05-11 22:44:59,16,Activity,13.4,308.0,208,181,8,1,4,3,84,false
2025-05-07 00:24:34,2025-05-08 00:21:03,UTC-04:00,2025-05-07 15:22:30,2025-05-07 16:49:29,86,Powerlifting,13.0,775.0,179,132,40,47,9,3,0,false
2025-05-05 00:42:42,2025-05-06 01:04:31,UTC-04:00,2025-05-05 12:36:00,2025-05-05 13:22:29,46,Powerlifting,8.9,363.0,173,126,58,32,5,1,0,false
2025-05-05 00:42:42,2025-05-06 01:04:31,UTC-04:00,2025-05-05 11:49:30,2025-05-05 12:07:29,17,Powerlifting,6.8,174.0,156,135,29,52,19,0,0,false
2025-05-04 01:40:49,2025-05-05 00:42:42,UTC-04:00,2025-05-04 10:24:00,2025-05-04 10:49:29,25,Powerlifting,6.8,191.0,160,124,45,38,4,0,0,false
2025-05-03 00:58:58,2025-05-04 01:40:49,UTC-04:00,2025-05-03 19:07:30,2025-05-03 19:26:59,19,Spin,9.5,246.0,173,149,11,29,37,23,0,false
2025-05-02 00:39:49,2025-05-03 00:58:58,UTC-04:00,2025-05-02 17:00:00,2025-05-02 17:53:59,53,Powerlifting,7.2,285.0,151,113,65,11,0,0,0,false
2025-04-30 01:10:50,2025-05-01 01:44:04,UTC-04:00,2025-04-30 13:22:30,2025-04-30 14:16:29,53,Powerlifting,8.4,318.0,177,116,47,18,5,0,0,false
2025-04-30 01:10:50,2025-05-01 01:44:04,UTC-04:00,2025-04-30 12:37:30,2025-04-30 13:10:29,32,Powerlifting,7.7,254.0,166,126,69,23,6,0,0,false
2025-04-25 23:53:32,2025-04-27 01:26:21,UTC-04:00,2025-04-26 16:40:30,2025-04-26 18:31:29,110,Activity,17.2,1135.0,182,139,33,8,22,26,1,false
2025-04-25 23:53:32,2025-04-27 01:26:21,UTC-04:00,2025-04-26 13:52:30,2025-04-26 15:40:29,107,Activity,14.2,941.0,167,132,31,43,18,0,0,false
2025-04-25 23:53:32,2025-04-27 01:26:21,UTC-04:00,2025-04-26 10:45:00,2025-04-26 11:40:29,55,Activity,8.6,366.0,153,121,72,17,1,0,0,false
2025-04-25 23:53:32,2025-04-27 01:26:21,UTC-04:00,2025-04-26 08:24:00,2025-04-26 09:35:59,71,Activity,12.3,641.0,158,133,38,51,9,0,0,false
2025-04-25 23:53:32,2025-04-27 01:26:21,UTC-04:00,2025-04-26 06:25:30,2025-04-26 06:56:59,31,Activity,6.4,177.0,153,116,48,20,1,0,0,false
2025-04-24 23:54:51,2025-04-25 23:53:32,UTC-04:00,2025-04-25 18:51:00,2025-04-25 19:31:29,40,Activity,11.2,427.0,195,141,16,46,33,4,1,false
2025-04-24 00:26:57,2025-04-24 23:54:51,UTC-04:00,2025-04-24 13:24:00,2025-04-24 14:10:29,46,Powerlifting,8.8,334.0,162,124,54,29,6,0,0,false
2025-04-24 00:26:57,2025-04-24 23:54:51,UTC-04:00,2025-04-24 12:27:00,2025-04-24 13:10:29,43,Powerlifting,9.8,381.0,165,131,43,38,15,0,0,false
2025-04-23 01:22:41,2025-04-24 00:26:57,UTC-04:00,2025-04-23 14:58:30,2025-04-23 15:43:29,44,Powerlifting,7.8,284.0,153,119,61,23,1,0,0,false
2025-04-23 01:22:41,2025-04-24 00:26:57,UTC-04:00,2025-04-23 08:34:30,2025-04-23 08:50:55,16,Activity,4.8,69.0,150,108,53,5,0,0,0,false
2025-04-21 03:03:15,2025-04-22 00:43:25,UTC-04:00,2025-04-21 20:30:00,2025-04-21 21:05:59,35,Powerlifting,7.5,249.0,161,123,58,26,4,0,0,false
2025-04-21 03:03:15,2025-04-22 00:43:25,UTC-04:00,2025-04-21 13:10:30,2025-04-21 13:59:59,49,Activity,8.2,282.0,164,117,42,13,11,0,0,false
2025-04-20 02:12:48,2025-04-21 03:03:15,UTC-04:00,2025-04-20 20:28:30,2025-04-20 20:52:29,23,Powerlifting,7.3,211.0,165,132,41,48,11,0,0,false
2025-04-19 01:34:08,2025-04-20 02:12:48,UTC-04:00,2025-04-19 19:34:30,2025-04-19 20:43:29,68,Activity,12.3,542.0,188,127,50,18,12,7,2,false
2025-04-18 02:17:36,2025-04-19 01:34:08,UTC-04:00,2025-04-18 18:46:30,2025-04-18 19:25:29,38,Powerlifting,6.5,209.0,148,115,73,10,0,0,0,false
2025-04-17 00:44:40,2025-04-18 02:17:36,UTC-04:00,2025-04-17 19:31:30,2025-04-17 20:34:29,62,Powerlifting,9.6,405.0,168,121,54,22,7,0,0,false
2025-04-17 00:44:40,2025-04-18 02:17:36,UTC-04:00,2025-04-17 16:49:30,2025-04-17 17:17:59,28,Golf,6.5,190.0,153,122,70,26,0,0,0,false
2025-04-17 00:44:40,2025-04-18 02:17:36,UTC-04:00,2025-04-17 12:43:30,2025-04-17 13:12:52,29,Elliptical,6.9,217.0,170,126,68,27,4,0,0,false
2025-04-16 01:22:09,2025-04-17 00:44:40,UTC-04:00,2025-04-16 18:15:00,2025-04-16 20:14:59,119,Powerlifting,13.8,939.0,169,128,51,29,14,0,0,false
2025-04-14 01:56:48,2025-04-15 00:06:27,UTC-04:00,2025-04-14 14:04:30,2025-04-14 14:43:29,38,Powerlifting,8.1,297.0,162,127,54,38,4,0,0,false
2025-04-13 00:58:27,2025-04-14 01:56:48,UTC-04:00,2025-04-13 15:09:00,2025-04-13 17:20:59,131,Powerlifting,13.9,971.0,171,125,52,29,11,0,0,false
2025-04-11 02:48:59,2025-04-12 02:07:36,UTC-04:00,2025-04-11 20:13:30,2025-04-11 21:01:29,47,Activity,11.1,425.0,175,132,37,26,26,4,0,false
2025-04-11 02:48:59,2025-04-12 02:07:36,UTC-04:00,2025-04-11 12:45:00,2025-04-11 15:01:29,136,Powerlifting,14.1,1023.0,170,126,51,30,10,0,0,false
2025-04-09 02:10:12,2025-04-10 02:37:10,UTC-04:00,2025-04-09 22:00:00,2025-04-09 22:35:59,35,Activity,8.1,284.0,159,128,50,38,9,0,0,false
2025-04-09 02:10:12,2025-04-10 02:37:10,UTC-04:00,2025-04-09 20:07:30,2025-04-09 21:44:59,97,Powerlifting,12.4,715.0,162,125,56,31,6,0,0,false
2025-04-08 02:17:15,2025-04-09 02:10:12,UTC-04:00,2025-04-09 00:55:30,2025-04-09 01:24:20,28,Cycling,9.8,318.0,164,143,6,55,39,0,0,false
2025-04-06 00:05:15,2025-04-07 02:56:14,UTC-05:00,2025-04-06 19:45:00,2025-04-06 20:25:29,40,Activity,8.7,331.0,162,128,53,42,5,0,0,false
2025-04-06 00:05:15,2025-04-07 02:56:14,UTC-05:00,2025-04-06 14:39:00,2025-04-06 15:43:29,64,Powerlifting,9.1,413.0,174,120,71,18,3,0,0,false
2025-04-06 00:05:15,2025-04-07 02:56:14,UTC-05:00,2025-04-06 12:16:30,2025-04-06 14:11:59,115,Powerlifting,9.6,513.0,163,109,63,7,0,0,0,false
2025-04-06 00:05:15,2025-04-07 02:56:14,UTC-05:00,2025-04-06 10:58:30,2025-04-06 11:35:59,37,Activity,9.9,315.0,186,129,29,34,19,5,2,false
2025-04-06 00:05:15,2025-04-07 02:56:14,UTC-05:00,2025-04-06 09:51:00,2025-04-06 10:19:29,28,Activity,7.9,221.0,175,126,38,28,19,3,0,false
2025-04-06 00:05:15,2025-04-07 02:56:14,UTC-05:00,2025-04-06 08:24:00,2025-04-06 09:11:59,47,Dance,13.5,555.0,187,146,9,28,33,24,3,false
2025-04-04 23:21:14,2025-04-06 00:05:15,UTC-05:00,2025-04-05 15:36:00,2025-04-05 16:17:59,41,Activity,8.5,282.0,174,121,45,19,16,1,0,false
2025-04-04 23:21:14,2025-04-06 00:05:15,UTC-05:00,2025-04-05 14:39:00,2025-04-05 14:59:59,20,Activity,9.0,234.0,177,143,17,28,44,11,0,false
2025-04-04 00:06:55,2025-04-04 23:21:14,UTC-05:00,2025-04-04 18:57:00,2025-04-04 20:44:59,107,Activity,11.5,612.0,163,116,45,20,7,0,0,false
2025-04-04 00:06:55,2025-04-04 23:21:14,UTC-05:00,2025-04-04 17:55:30,2025-04-04 18:31:29,35,Activity,9.4,291.0,185,127,36,27,13,9,0,false
2025-04-04 00:06:55,2025-04-04 23:21:14,UTC-05:00,2025-04-04 10:51:00,2025-04-04 11:25:29,34,Powerlifting,5.9,159.0,148,110,66,6,0,0,0,false
2025-04-04 00:06:55,2025-04-04 23:21:14,UTC-05:00,2025-04-04 07:36:00,2025-04-04 07:50:59,14,Activity,4.7,58.0,150,107,56,4,0,0,0,false
2025-03-30 02:10:11,2025-03-30 23:21:17,UTC-04:00,2025-03-30 18:54:00,2025-03-30 19:40:29,46,Activity,10.5,378.0,188,127,54,18,13,5,1,false
2025-03-30 02:10:11,2025-03-30 23:21:17,UTC-04:00,2025-03-30 15:00:00,2025-03-30 17:55:29,175,Powerlifting,16.4,1473.0,173,129,48,30,14,2,0,false
2025-03-29 00:54:47,2025-03-30 02:10:11,UTC-04:00,2025-03-29 17:10:30,2025-03-29 18:22:29,71,Powerlifting,9.9,464.0,157,119,55,25,2,0,0,false
2025-03-29 00:54:47,2025-03-30 02:10:11,UTC-04:00,2025-03-29 11:22:30,2025-03-29 12:08:59,46,Activity,10.5,410.0,165,131,27,48,16,0,0,false
2025-03-28 01:50:03,2025-03-29 00:54:47,UTC-04:00,2025-03-28 22:46:30,2025-03-28 23:44:59,58,Activity,10.3,459.0,163,126,56,35,5,0,0,false
2025-03-28 01:50:03,2025-03-29 00:54:47,UTC-04:00,2025-03-28 20:16:30,2025-03-28 22:34:29,137,Powerlifting,14.2,1012.0,170,123,43,30,10,0,0,false
2025-03-28 01:50:03,2025-03-29 00:54:47,UTC-04:00,2025-03-28 19:42:00,2025-03-28 20:04:29,22,Weightlifting,5.4,112.0,153,111,65,8,1,0,0,false
2025-03-27 01:40:41,2025-03-28 01:50:03,UTC-04:00,2025-03-28 00:34:30,2025-03-28 01:07:15,32,Cycling,9.2,311.0,160,134,28,58,13,0,0,false
2025-03-26 01:54:40,2025-03-27 01:40:41,UTC-04:00,2025-03-26 20:24:00,2025-03-26 23:40:29,196,Powerlifting,14.5,1240.0,164,118,61,20,3,0,0,false
2025-03-23 02:37:37,2025-03-24 02:14:03,UTC-04:00,2025-03-23 15:18:00,2025-03-23 17:47:59,149,Powerlifting,15.0,1197.0,172,127,55,28,11,1,0,false
2025-03-21 02:20:46,2025-03-22 03:30:39,UTC-04:00,2025-03-21 20:51:00,2025-03-21 23:14:59,143,Powerlifting,13.5,947.0,169,120,58,21,6,0,0,false
2025-03-21 02:20:46,2025-03-22 03:30:39,UTC-04:00,2025-03-21 10:42:00,2025-03-21 11:08:59,26,Skiing,5.4,119.0,151,109,49,8,0,0,0,false
2025-03-19 02:04:29,2025-03-20 03:56:23,UTC-04:00,2025-03-19 20:30:00,2025-03-19 23:23:59,173,Powerlifting,14.6,1170.0,173,121,55,21,7,0,0,false
2025-03-17 00:33:27,2025-03-18 00:59:40,UTC-04:00,2025-03-17 17:10:30,2025-03-17 17:28:29,17,Powerlifting,4.5,52.0,152,101,35,2,0,0,0,false
2025-03-16 02:29:22,2025-03-17 00:33:27,UTC-04:00,2025-03-16 14:45:00,2025-03-16 16:22:29,97,Powerlifting,11.2,598.0,162,119,51,25,3,0,0,false
2025-03-14 01:07:05,2025-03-15 03:50:53,UTC-04:00,2025-03-14 20:28:30,2025-03-14 23:16:29,167,Powerlifting,13.9,1092.0,169,121,67,19,3,0,0,false
2025-03-11 23:50:40,2025-03-13 01:41:11,UTC-04:00,2025-03-12 21:21:00,2025-03-12 23:02:59,101,Powerlifting,11.6,652.0,170,121,68,17,5,0,0,false
2025-03-10 00:17:01,2025-03-11 01:23:12,UTC-04:00,2025-03-10 22:04:30,2025-03-10 22:24:14,19,Activity,7.1,185.0,159,136,21,67,9,0,0,false
2025-03-10 00:17:01,2025-03-11 01:23:12,UTC-04:00,2025-03-10 18:21:00,2025-03-10 18:44:59,23,Powerlifting,6.1,151.0,160,121,66,19,3,0,0,false
2025-03-08 01:31:22,2025-03-09 02:30:32,UTC-05:00,2025-03-08 21:49:30,2025-03-08 22:17:59,28,Powerlifting,5.5,124.0,157,107,49,9,0,0,0,false
2025-03-08 01:31:22,2025-03-09 02:30:32,UTC-05:00,2025-03-08 12:30:00,2025-03-08 13:08:59,38,Ice Hockey,9.5,333.0,168,132,40,28,26,1,0,false
2025-03-07 00:17:50,2025-03-07 23:31:22,UTC-07:00,2025-03-07 16:22:30,2025-03-07 16:43:29,20,Powerlifting,5.0,88.0,150,110,65,5,0,0,0,false
2025-03-06 00:32:00,2025-03-07 00:17:50,UTC-07:00,2025-03-06 13:28:30,2025-03-06 14:10:29,41,Skiing,7.3,250.0,161,119,65,14,3,0,0,false
2025-03-06 00:32:00,2025-03-07 00:17:50,UTC-07:00,2025-03-06 11:33:00,2025-03-06 12:11:59,38,Skiing,8.1,276.0,160,123,38,40,5,0,0,false
2025-03-06 00:32:00,2025-03-07 00:17:50,UTC-07:00,2025-03-06 09:07:30,2025-03-06 10:02:59,55,Skiing,6.9,224.0,160,108,28,13,2,0,0,false
2025-03-05 00:16:28,2025-03-06 00:32:00,UTC-07:00,2025-03-05 21:01:30,2025-03-05 21:20:59,19,Activity,4.7,69.0,135,106,60,0,0,0,0,false
2025-03-05 00:16:28,2025-03-06 00:32:00,UTC-07:00,2025-03-05 12:34:30,2025-03-05 16:13:29,218,Skiing,15.5,1359.0,170,119,49,19,11,0,0,false
2025-03-05 00:16:28,2025-03-06 00:32:00,UTC-07:00,2025-03-05 11:31:30,2025-03-05 12:05:59,34,Skiing,6.8,208.0,157,118,47,25,5,0,0,false
2025-03-05 00:16:28,2025-03-06 00:32:00,UTC-07:00,2025-03-05 10:30:00,2025-03-05 11:17:59,47,Skiing,6.9,229.0,159,111,42,20,1,0,0,false
2025-03-05 00:16:28,2025-03-06 00:32:00,UTC-07:00,2025-03-05 09:09:00,2025-03-05 10:13:29,64,Skiing,6.5,234.0,154,104,39,8,0,0,0,false
2025-03-03 23:40:37,2025-03-05 00:16:28,UTC-07:00,2025-03-04 15:04:30,2025-03-04 15:43:40,39,Skiing,7.6,268.0,164,123,66,26,5,0,0,false
2025-03-03 23:40:37,2025-03-05 00:16:28,UTC-07:00,2025-03-04 12:39:00,2025-03-04 14:38:59,119,Skiing,11.5,646.0,162,115,53,17,4,0,0,false
2025-03-03 23:40:37,2025-03-05 00:16:28,UTC-07:00,2025-03-04 11:13:30,2025-03-04 12:01:29,47,Skiing,7.8,272.0,163,116,49,21,7,0,0,false
2025-03-03 23:40:37,2025-03-05 00:16:28,UTC-07:00,2025-03-04 09:21:00,2025-03-04 10:53:59,92,Skiing,7.3,314.0,151,104,56,2,0,0,0,false
2025-03-02 18:58:22,2025-03-04 00:40:37,UTC-06:00,2025-03-03 13:04:30,2025-03-03 16:07:06,182,Activity,16.9,1461.0,180,128,52,20,14,8,0,false
2025-03-02 18:58:22,2025-03-04 00:40:37,UTC-06:00,2025-03-03 09:09:00,2025-03-03 12:37:29,208,Skiing,19.7,2138.0,194,139,34,21,25,13,5,false
2025-02-28 01:06:07,2025-03-01 03:53:22,UTC-05:00,2025-02-28 22:19:30,2025-02-28 23:08:59,49,Activity,9.9,409.0,163,130,40,43,15,0,0,false
2025-02-28 01:06:07,2025-03-01 03:53:22,UTC-05:00,2025-02-28 18:51:00,2025-02-28 20:40:29,109,Powerlifting,13.0,836.0,168,127,54,35,8,0,0,false
2025-02-26 02:21:53,2025-02-27 01:18:57,UTC-05:00,2025-02-26 22:46:30,2025-02-26 23:52:29,65,Cycling,10.9,462.0,169,123,45,22,15,3,0,false
2025-02-26 02:21:53,2025-02-27 01:18:57,UTC-05:00,2025-02-26 20:33:00,2025-02-26 22:32:59,119,Powerlifting,11.3,689.0,163,117,72,17,1,0,0,false
2025-02-24 03:06:21,2025-02-25 01:45:09,UTC-05:00,2025-02-24 21:18:00,2025-02-24 22:11:59,53,Powerlifting,8.8,364.0,160,121,62,23,6,0,0,false
2025-02-23 01:38:59,2025-02-24 03:06:21,UTC-05:00,2025-02-24 01:34:30,2025-02-24 02:16:09,41,Cycling,10.6,413.0,164,137,17,57,26,0,0,false
2025-02-23 01:38:59,2025-02-24 03:06:21,UTC-05:00,2025-02-23 17:15:00,2025-02-23 17:46:29,31,Cycling,8.6,261.0,161,129,27,31,27,0,0,false
2025-02-23 01:38:59,2025-02-24 03:06:21,UTC-05:00,2025-02-23 16:15:00,2025-02-23 16:56:59,41,Powerlifting,7.0,237.0,153,116,66,17,1,0,0,false
2025-02-23 01:38:59,2025-02-24 03:06:21,UTC-05:00,2025-02-23 15:06:00,2025-02-23 16:01:29,55,Powerlifting,6.4,216.0,146,106,64,2,0,0,0,false
2025-02-22 01:47:49,2025-02-23 01:38:59,UTC-05:00,2025-02-23 00:00:00,2025-02-23 00:38:59,38,Activity,8.4,312.0,158,127,59,35,6,0,0,false
2025-02-22 01:47:49,2025-02-23 01:38:59,UTC-05:00,2025-02-22 19:39:00,2025-02-22 20:14:59,35,Activity,10.8,378.0,195,140,18,45,29,4,4,false
2025-02-21 01:41:54,2025-02-22 01:47:49,UTC-05:00,2025-02-21 20:18:00,2025-02-21 23:35:59,197,Powerlifting,15.0,1280.0,177,119,63,20,3,2,0,false
2025-02-21 01:41:54,2025-02-22 01:47:49,UTC-05:00,2025-02-21 17:36:00,2025-02-21 18:37:29,61,Activity,9.2,403.0,168,119,67,21,4,0,0,false
2025-02-20 01:42:18,2025-02-21 01:41:54,UTC-05:00,2025-02-20 19:39:00,2025-02-20 19:58:29,19,Powerlifting,4.8,72.0,139,105,60,1,0,0,0,false
2025-02-19 00:42:19,2025-02-20 01:42:18,UTC-05:00,2025-02-19 21:28:30,2025-02-19 23:19:29,110,Powerlifting,11.9,685.0,173,117,59,21,4,0,0,false
2025-02-17 01:20:10,2025-02-18 00:46:08,UTC-05:00,2025-02-17 12:28:30,2025-02-17 14:23:59,115,Powerlifting,12.2,732.0,162,118,61,16,5,0,0,false
2025-02-16 03:24:00,2025-02-17 01:20:10,UTC-05:00,2025-02-16 16:46:30,2025-02-16 18:07:29,80,Activity,14.1,709.0,203,130,46,19,10,12,2,false
2025-02-16 03:24:00,2025-02-17 01:20:10,UTC-05:00,2025-02-16 14:39:00,2025-02-16 16:05:59,86,Powerlifting,10.4,535.0,168,117,69,12,2,0,0,false
2025-02-12 01:18:31,2025-02-13 02:57:02,UTC-05:00,2025-02-12 21:03:00,2025-02-12 22:16:16,73,Cycling,11.4,500.0,166,120,42,16,18,0,0,false
2025-02-08 22:45:46,2025-02-10 01:59:19,UTC-05:00,2025-02-09 21:07:30,2025-02-09 21:46:29,38,Activity,9.3,340.0,162,130,43,40,14,0,0,false
2025-02-08 22:45:46,2025-02-10 01:59:19,UTC-05:00,2025-02-09 19:10:30,2025-02-09 19:26:59,16,Activity,4.5,53.0,146,97,36,3,0,0,0,false
2025-02-08 22:45:46,2025-02-10 01:59:19,UTC-05:00,2025-02-09 18:06:00,2025-02-09 18:53:59,47,Powerlifting,6.9,245.0,149,112,73,5,0,0,0,false
2025-02-08 22:45:46,2025-02-10 01:59:19,UTC-05:00,2025-02-09 09:00:00,2025-02-09 10:25:29,85,Powerlifting,11.9,645.0,162,124,54,34,5,0,0,false
2025-02-07 23:15:41,2025-02-08 22:45:46,UTC-05:00,2025-02-08 20:25:30,2025-02-08 21:08:59,43,Activity,12.1,429.0,190,136,45,14,19,16,3,false
2025-02-07 23:15:41,2025-02-08 22:45:46,UTC-05:00,2025-02-08 17:58:30,2025-02-08 19:20:59,82,Powerlifting,8.0,360.0,149,107,58,4,0,0,0,false
2025-02-07 01:50:53,2025-02-07 23:15:41,UTC-05:00,2025-02-07 19:58:30,2025-02-07 21:08:59,70,Powerlifting,10.3,488.0,170,121,55,28,3,0,0,false
2025-02-04 23:46:31,2025-02-06 01:06:30,UTC-05:00,2025-02-05 20:33:00,2025-02-05 21:58:29,85,Powerlifting,9.6,465.0,170,114,61,14,1,0,0,false
2025-02-03 01:20:11,2025-02-04 00:05:30,UTC-05:00,2025-02-03 17:07:30,2025-02-03 17:52:29,44,Powerlifting,9.5,363.0,168,128,52,29,12,0,0,false
2025-02-02 00:59:37,2025-02-03 01:20:11,UTC-05:00,2025-02-02 15:55:30,2025-02-02 17:13:29,77,Powerlifting,9.2,438.0,157,115,68,10,1,0,0,false
2025-02-02 00:59:37,2025-02-03 01:20:11,UTC-05:00,2025-02-02 14:28:30,2025-02-02 15:38:59,70,Powerlifting,8.1,360.0,150,113,70,5,0,0,0,false
2025-01-31 02:05:04,2025-02-01 01:42:50,UTC-05:00,2025-01-31 20:16:30,2025-01-31 22:32:59,136,Powerlifting,13.3,915.0,167,121,61,19,5,0,0,false
2025-01-30 01:40:59,2025-01-31 02:05:04,UTC-05:00,2025-01-30 18:57:00,2025-01-30 19:14:59,17,Walking,5.7,116.0,155,120,58,23,2,0,0,false
2025-01-29 01:45:33,2025-01-30 01:40:59,UTC-05:00,2025-01-29 20:43:30,2025-01-29 22:37:29,113,Powerlifting,11.0,603.0,167,114,54,15,2,0,0,false
2025-01-26 00:57:41,2025-01-27 01:31:57,UTC-05:00,2025-01-26 16:33:00,2025-01-26 17:25:29,52,Powerlifting,8.3,351.0,159,123,49,16,0,0,0,false
2025-01-26 00:57:41,2025-01-27 01:31:57,UTC-05:00,2025-01-26 15:10:30,2025-01-26 16:22:29,71,Powerlifting,8.3,364.0,161,115,25,9,0,0,0,false
2025-01-21 23:15:39,2025-01-23 02:03:27,UTC-05:00,2025-01-22 21:21:00,2025-01-22 22:29:59,68,Powerlifting,8.3,358.0,160,117,32,10,0,0,0,false
2025-01-21 23:15:39,2025-01-23 02:03:27,UTC-05:00,2025-01-22 19:58:30,2025-01-22 20:53:59,55,Powerlifting,6.5,213.0,166,110,15,4,1,0,0,false
2025-01-20 03:13:52,2025-01-21 02:58:31,UTC-05:00,2025-01-21 01:12:00,2025-01-21 01:55:29,43,Commuting,10.6,433.0,162,140,14,71,15,0,0,false
2025-01-20 03:13:52,2025-01-21 02:58:31,UTC-05:00,2025-01-20 10:52:30,2025-01-20 11:46:29,53,Powerlifting,8.2,299.0,164,119,20,16,7,0,0,false
2025-01-19 03:00:20,2025-01-20 03:13:52,UTC-05:00,2025-01-19 15:21:00,2025-01-19 16:40:29,79,Powerlifting,9.7,480.0,154,121,44,18,0,0,0,false
2025-01-18 02:10:19,2025-01-19 03:00:20,UTC-05:00,2025-01-18 16:27:00,2025-01-18 16:41:59,14,Activity,4.4,45.0,137,106,12,0,0,0,0,false
2025-01-17 00:39:55,2025-01-18 02:10:19,UTC-05:00,2025-01-17 21:34:30,2025-01-17 23:11:59,97,Powerlifting,11.8,642.0,173,123,35,15,9,1,0,false
2025-01-17 00:39:55,2025-01-18 02:10:19,UTC-05:00,2025-01-17 20:37:30,2025-01-17 21:10:29,32,Powerlifting,7.2,208.0,167,122,26,18,10,0,0,false
2025-01-15 00:09:08,2025-01-16 01:12:05,UTC-05:00,2025-01-15 20:46:30,2025-01-15 22:58:29,131,Powerlifting,10.7,652.0,154,115,31,8,0,0,0,false
2025-01-11 23:02:27,2025-01-13 01:19:59,UTC-05:00,2025-01-12 16:22:30,2025-01-12 17:49:29,86,Powerlifting,9.1,430.0,160,115,25,13,1,0,0,false
2025-01-11 23:02:27,2025-01-13 01:19:59,UTC-05:00,2025-01-12 15:03:00,2025-01-12 15:29:59,26,Powerlifting,5.0,91.0,144,107,10,2,0,0,0,false
2025-01-11 01:58:31,2025-01-11 23:02:27,UTC-05:00,2025-01-11 14:24:00,2025-01-11 15:10:29,46,Skiing,8.0,254.0,172,116,9,12,12,0,0,false
2025-01-11 01:58:31,2025-01-11 23:02:27,UTC-05:00,2025-01-11 11:12:00,2025-01-11 11:29:59,17,Skiing,4.4,49.0,135,101,10,0,0,0,0,false
2025-01-09 23:42:18,2025-01-11 01:58:31,UTC-05:00,2025-01-10 21:21:00,2025-01-10 22:47:59,86,Powerlifting,10.9,535.0,160,120,26,12,8,0,0,false
2025-01-07 00:39:31,2025-01-08 00:04:20,UTC-05:00,2025-01-07 16:18:00,2025-01-07 17:37:29,79,Activity,9.5,473.0,154,120,44,14,0,0,0,false
2025-01-06 01:10:40,2025-01-07 00:39:31,UTC-05:00,2025-01-06 17:52:30,2025-01-06 19:07:29,74,Powerlifting,11.3,554.0,164,126,29,28,9,0,0,false
2025-01-05 00:54:18,2025-01-06 01:10:40,UTC-05:00,2025-01-05 18:30:00,2025-01-05 18:44:59,14,Activity,4.3,35.0,126,100,0,0,0,0,0,false
2025-01-05 00:54:18,2025-01-06 01:10:40,UTC-05:00,2025-01-05 17:16:30,2025-01-05 18:16:29,59,Activity,6.2,205.0,144,105,18,1,0,0,0,false
2025-01-04 01:16:41,2025-01-05 00:54:18,UTC-05:00,2025-01-04 17:15:00,2025-01-04 18:52:29,97,Skiing,7.4,330.0,148,104,14,4,0,0,0,false
2025-01-04 01:16:41,2025-01-05 00:54:18,UTC-05:00,2025-01-04 14:10:30,2025-01-04 15:26:59,76,Skiing,10.9,491.0,173,121,17,22,9,1,0,false
2025-01-04 01:16:41,2025-01-05 00:54:18,UTC-05:00,2025-01-04 09:03:00,2025-01-04 10:16:29,73,Skiing,6.9,268.0,152,104,17,6,0,0,0,false
2025-01-03 01:15:42,2025-01-04 01:16:41,UTC-05:00,2025-01-03 17:49:30,2025-01-03 19:20:59,91,Powerlifting,12.0,662.0,164,125,36,29,7,0,0,false
2025-01-01 02:48:52,2025-01-02 02:15:16,UTC-05:00,2025-01-01 19:10:30,2025-01-01 20:47:59,97,Powerlifting,11.4,647.0,165,122,36,21,3,0,0,false
2024-12-29 02:00:02,2024-12-30 01:18:45,UTC-05:00,2024-12-29 22:27:00,2024-12-29 23:25:29,58,Powerlifting,9.8,405.0,170,123,30,22,6,1,0,false
2024-12-27 03:22:27,2024-12-28 00:52:19,UTC-05:00,2024-12-27 17:51:00,2024-12-27 19:53:59,122,Powerlifting,14.8,1085.0,171,133,27,41,18,0,0,false
2024-12-26 02:16:44,2024-12-27 03:22:27,UTC-05:00,2024-12-26 17:51:00,2024-12-26 18:55:29,64,Powerlifting,8.5,362.0,158,117,31,17,0,0,0,false
2024-12-25 02:23:28,2024-12-26 02:16:44,UTC-05:00,2024-12-25 20:19:30,2024-12-25 21:23:59,64,Powerlifting,11.2,480.0,181,126,22,23,17,0,0,false
2024-12-22 01:12:39,2024-12-23 03:10:02,UTC-05:00,2024-12-22 18:21:00,2024-12-22 19:53:59,92,Powerlifting,12.5,716.0,168,126,38,29,9,0,0,false
2024-12-20 03:12:02,2024-12-21 02:58:07,UTC-05:00,2024-12-20 21:06:00,2024-12-20 22:38:59,92,Powerlifting,10.8,582.0,160,118,34,21,3,0,0,false
2024-12-19 03:00:57,2024-12-20 03:12:02,UTC-05:00,2024-12-19 20:04:30,2024-12-19 21:49:29,104,Powerlifting,13.0,796.0,166,125,34,30,9,0,0,false
2024-12-18 02:13:20,2024-12-19 03:00:57,UTC-05:00,2024-12-18 20:09:00,2024-12-18 21:49:29,100,Powerlifting,13.6,827.0,167,129,23,35,18,0,0,false
2024-12-17 01:05:03,2024-12-18 02:13:20,UTC-05:00,2024-12-17 19:01:30,2024-12-17 19:47:59,46,Powerlifting,7.4,279.0,151,117,49,13,0,0,0,false
2024-12-16 01:48:06,2024-12-17 01:05:03,UTC-05:00,2024-12-16 18:16:30,2024-12-16 19:38:59,82,Powerlifting,8.9,415.0,155,112,32,8,0,0,0,false
2024-12-15 01:55:51,2024-12-16 01:48:06,UTC-05:00,2024-12-15 17:28:30,2024-12-15 18:46:29,77,Powerlifting,13.2,721.0,170,133,26,39,20,1,0,false
2024-12-15 01:55:51,2024-12-16 01:48:06,UTC-05:00,2024-12-15 16:40:30,2024-12-15 17:13:29,32,Powerlifting,7.1,221.0,163,120,33,21,4,0,0,false
2024-12-13 01:23:00,2024-12-14 01:17:28,UTC-05:00,2024-12-13 20:19:30,2024-12-13 23:01:29,161,Powerlifting,15.8,1361.0,166,129,34,30,15,0,0,false
2024-12-11 01:54:38,2024-12-12 02:00:28,UTC-05:00,2024-12-11 20:30:00,2024-12-11 23:17:59,167,Powerlifting,14.4,1182.0,169,122,40,21,6,0,0,false
2024-12-08 23:46:50,2024-12-10 02:13:28,UTC-05:00,2024-12-09 21:27:00,2024-12-09 22:25:29,58,Activity,9.9,435.0,159,125,40,25,6,0,0,false
2024-12-08 23:46:50,2024-12-10 02:13:28,UTC-05:00,2024-12-09 19:01:30,2024-12-09 20:46:29,104,Powerlifting,11.0,630.0,158,117,39,15,0,0,0,false
2024-12-08 23:46:50,2024-12-10 02:13:28,UTC-05:00,2024-12-09 17:49:30,2024-12-09 18:29:59,40,Powerlifting,6.2,187.0,153,110,16,8,0,0,0,false
2024-12-08 01:54:11,2024-12-08 23:46:50,UTC-05:00,2024-12-08 15:27:00,2024-12-08 18:16:29,169,Powerlifting,13.9,1090.0,159,120,31,21,3,0,0,false
2024-12-07 01:51:28,2024-12-08 01:54:11,UTC-05:00,2024-12-07 13:21:00,2024-12-07 14:07:29,46,Activity,9.2,367.0,160,127,33,40,3,0,0,false
2024-12-06 04:10:45,2024-12-07 01:51:28,UTC-05:00,2024-12-06 21:42:00,2024-12-06 22:23:44,41,Powerlifting,6.7,231.0,153,115,41,8,0,0,0,false
2024-12-06 04:10:45,2024-12-07 01:51:28,UTC-05:00,2024-12-06 20:37:30,2024-12-06 21:20:59,43,Powerlifting,7.2,259.0,148,117,36,16,0,0,0,false
2024-12-04 00:29:30,2024-12-05 01:25:47,UTC-05:00,2024-12-04 21:39:00,2024-12-04 22:16:29,37,Powerlifting,7.4,255.0,156,121,31,26,2,0,0,false
2024-12-04 00:29:30,2024-12-05 01:25:47,UTC-05:00,2024-12-04 20:12:00,2024-12-04 21:22:29,70,Powerlifting,8.3,358.0,154,113,26,12,0,0,0,false
2024-12-02 00:00:00,2024-12-03 00:30:59,UTC-05:00,2024-12-02 16:51:00,2024-12-02 17:16:29,25,Activity,9.2,273.0,163,141,13,39,43,0,0,false
2024-11-25 00:22:24,2024-11-26 01:09:19,UTC-05:00,2024-11-25 20:22:30,2024-11-25 21:01:29,38,Powerlifting,8.4,287.0,167,124,24,22,12,1,0,false
2024-11-24 00:32:03,2024-11-25 00:22:24,UTC-05:00,2024-11-24 10:06:00,2024-11-24 10:58:29,52,Powerlifting,8.2,314.0,159,117,25,22,1,0,0,false
2024-11-23 01:12:23,2024-11-24 00:32:03,UTC-05:00,2024-11-23 07:31:30,2024-11-23 08:58:29,86,Powerlifting,7.9,348.0,157,107,15,3,0,0,0,false
2024-11-21 23:16:05,2024-11-23 01:12:23,UTC-05:00,2024-11-22 20:21:00,2024-11-22 22:59:59,158,Powerlifting,13.8,1023.0,169,119,30,16,7,0,0,false
2024-11-20 00:45:16,2024-11-21 01:08:49,UTC-05:00,2024-11-20 21:55:30,2024-11-20 22:42:45,47,Powerlifting,9.0,352.0,160,124,28,27,10,0,0,false
2024-11-20 00:45:16,2024-11-21 01:08:49,UTC-05:00,2024-11-20 20:13:30,2024-11-20 21:40:29,86,Powerlifting,12.6,694.0,174,126,31,34,8,1,0,false
2024-11-18 00:34:47,2024-11-18 23:54:26,UTC-05:00,2024-11-18 18:46:30,2024-11-18 21:14:59,148,Powerlifting,12.8,884.0,158,116,27,47,23,1,0,false
2024-11-17 01:29:52,2024-11-18 00:34:47,UTC-05:00,2024-11-17 15:03:00,2024-11-17 16:20:59,77,Powerlifting,8.3,388.0,148,110,34,53,9,0,0,false
2024-11-16 01:33:46,2024-11-17 01:29:52,UTC-05:00,2024-11-16 23:55:30,2024-11-17 00:13:29,17,Walking,4.8,75.0,149,106,58,35,3,0,0,false
2024-11-14 23:55:08,2024-11-16 01:33:46,UTC-05:00,2024-11-15 20:15:00,2024-11-15 22:29:59,134,Powerlifting,9.8,563.0,149,106,49,42,3,0,0,false
2024-11-14 00:24:49,2024-11-14 23:55:08,UTC-05:00,2024-11-14 17:03:00,2024-11-14 17:47:59,44,Activity,9.5,357.0,164,125,14,45,27,14,0,false
2024-11-13 00:42:11,2024-11-14 00:24:49,UTC-05:00,2024-11-13 21:18:00,2024-11-13 22:16:29,58,Powerlifting,10.6,460.0,162,125,15,33,46,6,0,false
2024-11-13 00:42:11,2024-11-14 00:24:49,UTC-05:00,2024-11-13 20:16:30,2024-11-13 21:05:59,49,Powerlifting,8.2,321.0,161,118,24,42,31,2,0,false
2024-11-08 22:49:34,2024-11-10 04:27:09,UTC-05:00,2024-11-09 11:37:30,2024-11-09 12:53:59,76,Activity,10.5,529.0,162,120,17,51,30,2,0,false
2024-11-08 22:49:34,2024-11-10 04:27:09,UTC-05:00,2024-11-09 08:55:30,2024-11-09 09:28:29,32,Activity,10.0,338.0,169,137,1,19,56,24,0,false
2024-11-06 02:11:04,2024-11-07 01:16:49,UTC-05:00,2024-11-06 20:28:30,2024-11-06 22:14:59,106,Powerlifting,13.2,800.0,168,123,14,40,34,9,0,false
2024-11-05 00:48:32,2024-11-06 02:11:04,UTC-05:00,2024-11-05 20:42:00,2024-11-05 21:02:59,20,Powerlifting,6.1,150.0,148,121,19,38,43,0,0,false
2024-11-02 23:53:14,2024-11-04 00:19:08,UTC-05:00,2024-11-03 14:28:30,2024-11-03 17:52:29,203,Powerlifting,15.4,1436.0,180,120,15,47,32,3,0,false
2024-10-31 22:09:50,2024-11-02 03:16:15,UTC-04:00,2024-11-01 19:58:30,2024-11-01 22:26:59,148,Powerlifting,14.6,1149.0,179,124,12,49,33,6,0,false
2024-10-30 00:32:59,2024-10-31 01:14:41,UTC-04:00,2024-10-30 21:42:00,2024-10-30 22:16:29,34,Powerlifting,7.0,223.0,152,117,24,51,24,1,0,false
2024-10-30 00:32:59,2024-10-31 01:14:41,UTC-04:00,2024-10-30 20:09:00,2024-10-30 20:46:29,37,Powerlifting,5.8,161.0,143,106,54,37,4,0,0,false
2024-10-28 00:51:53,2024-10-29 00:46:53,UTC-04:00,2024-10-28 20:34:30,2024-10-28 21:15:21,40,Powerlifting,6.3,177.0,151,105,46,22,15,0,0,false
2024-10-28 00:51:53,2024-10-29 00:46:53,UTC-04:00,2024-10-28 19:25:30,2024-10-28 20:08:59,43,Powerlifting,9.2,348.0,169,125,15,33,46,6,0,false
2024-10-27 00:50:07,2024-10-28 00:51:53,UTC-04:00,2024-10-27 16:31:30,2024-10-27 17:29:59,58,Powerlifting,10.7,448.0,172,124,20,36,32,11,0,false
2024-10-27 00:50:07,2024-10-28 00:51:53,UTC-04:00,2024-10-27 14:25:30,2024-10-27 16:19:29,113,Powerlifting,12.4,756.0,170,118,21,47,28,3,0,false
2024-10-24 23:17:24,2024-10-26 01:06:31,UTC-04:00,2024-10-25 19:48:00,2024-10-25 22:16:29,148,Powerlifting,14.3,1099.0,178,122,18,44,34,4,0,false
2024-10-24 01:37:58,2024-10-24 23:17:24,UTC-04:00,2024-10-24 21:32:53,2024-10-24 22:07:16,34,Cycling,8.3,238.0,166,119,35,17,22,18,0,false
2024-10-23 01:31:48,2024-10-24 01:37:58,UTC-04:00,2024-10-23 20:16:30,2024-10-23 21:20:59,64,Powerlifting,9.8,446.0,161,120,16,45,34,3,0,false
2024-10-22 00:43:39,2024-10-23 01:31:48,UTC-04:00,2024-10-22 10:39:00,2024-10-22 11:11:59,32,Powerlifting,8.0,253.0,163,124,17,34,41,8,0,false
2024-10-21 02:00:03,2024-10-22 00:43:39,UTC-04:00,2024-10-21 12:17:22,2024-10-21 12:45:12,27,Cycling,6.5,186.0,148,119,22,47,31,0,0,false
2024-10-20 01:14:19,2024-10-21 02:00:03,UTC-04:00,2024-10-20 15:46:30,2024-10-20 16:44:59,58,Powerlifting,8.5,372.0,150,117,21,59,20,0,0,false
2024-10-17 23:00:22,2024-10-19 02:07:36,UTC-04:00,2024-10-18 21:46:30,2024-10-18 23:02:59,76,Powerlifting,8.1,358.0,149,108,42,44,9,0,0,false
2024-10-17 23:00:22,2024-10-19 02:07:36,UTC-04:00,2024-10-18 20:21:00,2024-10-18 21:26:59,65,Powerlifting,7.7,324.0,160,109,46,42,9,0,0,false
2024-10-17 01:30:46,2024-10-17 23:00:22,UTC-04:00,2024-10-17 18:23:54,2024-10-17 18:52:14,28,Cycling,7.7,239.0,152,128,8,35,55,2,0,false
2024-10-16 00:46:17,2024-10-17 01:30:46,UTC-04:00,2024-10-16 21:09:00,2024-10-16 22:11:42,62,Powerlifting,9.1,403.0,159,117,21,49,27,1,0,false
2024-10-15 00:30:52,2024-10-16 00:46:17,UTC-04:00,2024-10-15 15:48:57,2024-10-15 16:17:37,28,Cycling,5.9,158.0,140,113,30,62,7,0,0,false
2024-10-14 00:10:08,2024-10-15 00:30:52,UTC-04:00,2024-10-14 10:55:00,2024-10-14 13:50:00,175,Powerlifting,12.9,896.0,159,110,41,27,20,1,0,false
2024-10-13 02:04:09,2024-10-14 00:10:08,UTC-04:00,2024-10-13 14:13:30,2024-10-13 15:25:29,71,Activity,11.6,579.0,156,126,13,32,53,2,0,false
2024-10-13 02:04:09,2024-10-14 00:10:08,UTC-04:00,2024-10-13 11:05:09,2024-10-13 12:06:04,60,Cycling,8.2,360.0,149,115,25,63,12,0,0,false
2024-10-12 00:56:55,2024-10-13 02:04:09,UTC-04:00,2024-10-12 19:37:30,2024-10-12 20:01:29,23,Golf,9.2,265.0,167,141,0,11,48,41,0,false
2024-10-12 00:56:55,2024-10-13 02:04:09,UTC-04:00,2024-10-12 12:07:30,2024-10-12 12:40:29,32,Baseball,10.6,366.0,175,142,0,5,67,28,0,false
2024-10-11 00:29:36,2024-10-12 00:56:55,UTC-04:00,2024-10-11 21:04:30,2024-10-11 21:55:29,50,Powerlifting,9.2,343.0,162,119,24,33,28,9,0,false
2024-10-11 00:29:36,2024-10-12 00:56:55,UTC-04:00,2024-10-11 19:28:30,2024-10-11 20:43:29,74,Powerlifting,10.5,506.0,168,119,21,42,32,2,0,false
2024-10-10 01:54:09,2024-10-11 00:29:36,UTC-04:00,2024-10-10 15:55:30,2024-10-10 16:20:48,25,Walking,5.0,95.0,141,103,53,28,3,0,0,false
2024-10-09 01:01:39,2024-10-10 01:54:09,UTC-04:00,2024-10-09 21:52:30,2024-10-09 22:41:59,49,Powerlifting,8.0,308.0,156,116,19,48,27,1,0,false
2024-10-09 01:01:39,2024-10-10 01:54:09,UTC-04:00,2024-10-09 20:13:30,2024-10-09 21:22:29,68,Powerlifting,8.0,354.0,152,111,34,48,14,0,0,false
2024-10-07 01:37:50,2024-10-08 01:58:49,UTC-04:00,2024-10-07 21:58:41,2024-10-07 22:21:36,22,Cycling,7.5,202.0,158,130,8,33,50,9,0,false
2024-10-06 02:04:28,2024-10-07 01:37:50,UTC-04:00,2024-10-06 14:30:00,2024-10-06 17:07:29,157,Powerlifting,14.3,1074.0,192,120,19,57,20,1,2,false
2024-10-03 23:53:24,2024-10-05 02:32:47,UTC-04:00,2024-10-04 22:30:00,2024-10-04 22:58:29,28,Powerlifting,6.1,169.0,159,116,24,61,15,0,0,false
2024-10-03 23:53:24,2024-10-05 02:32:47,UTC-04:00,2024-10-04 20:27:00,2024-10-04 22:19:29,112,Powerlifting,11.9,704.0,165,118,27,47,23,1,0,false
2024-10-03 01:06:41,2024-10-03 23:53:24,UTC-04:00,2024-10-03 18:58:30,2024-10-03 19:27:29,28,Walking,5.6,141.0,144,111,29,57,3,0,0,false
2024-10-02 00:51:42,2024-10-03 01:06:41,UTC-04:00,2024-10-02 20:39:00,2024-10-02 22:17:59,98,Powerlifting,12.4,712.0,164,123,19,38,40,3,0,false
2024-10-01 01:41:18,2024-10-02 00:51:42,UTC-04:00,2024-10-01 20:01:28,2024-10-01 20:33:17,31,Cycling,5.0,100.0,153,98,42,15,9,0,0,false
2024-10-01 01:41:18,2024-10-02 00:51:42,UTC-04:00,2024-10-01 11:43:43,2024-10-01 12:17:02,33,Elliptical,7.6,243.0,160,124,16,28,49,5,0,false
2024-09-30 01:43:20,2024-10-01 01:41:18,UTC-04:00,2024-09-30 20:10:13,2024-09-30 21:51:47,101,Powerlifting,10.8,599.0,157,117,25,52,21,0,0,false
2024-09-29 01:12:09,2024-09-30 01:43:20,UTC-04:00,2024-09-29 15:40:30,2024-09-29 16:43:29,62,Cycling,12.8,635.0,170,138,1,11,74,14,0,false
2024-09-29 01:12:09,2024-09-30 01:43:20,UTC-04:00,2024-09-29 12:01:30,2024-09-29 13:14:59,73,Cycling,11.9,600.0,159,128,8,31,55,4,0,false
2024-09-24 00:49:25,2024-09-25 00:23:02,UTC-04:00,2024-09-24 21:55:00,2024-09-24 22:25:24,30,Cycling,7.9,244.0,164,128,13,32,48,7,0,false
2024-09-24 00:49:25,2024-09-25 00:23:02,UTC-04:00,2024-09-24 21:01:44,2024-09-24 21:27:53,26,Elliptical,8.1,243.0,163,134,1,22,60,15,0,false
2024-09-23 00:12:28,2024-09-24 00:49:25,UTC-04:00,2024-09-23 20:07:15,2024-09-23 22:06:36,119,Powerlifting,9.0,477.0,155,109,39,33,8,0,0,false
2024-09-22 01:20:20,2024-09-23 00:12:28,UTC-04:00,2024-09-22 16:12:00,2024-09-22 16:26:59,14,Powerlifting,4.5,48.0,137,102,51,31,1,0,0,false
2024-09-21 01:08:57,2024-09-22 01:20:20,UTC-04:00,2024-09-21 17:45:39,2024-09-21 18:05:52,20,Cycling,5.3,110.0,140,115,38,58,4,0,0,false
2024-09-21 01:08:57,2024-09-22 01:20:20,UTC-04:00,2024-09-21 17:17:47,2024-09-21 17:39:08,21,Rowing,7.1,187.0,170,131,3,27,56,12,0,false
2024-09-19 23:09:26,2024-09-21 01:08:57,UTC-04:00,2024-09-20 21:55:30,2024-09-20 23:07:29,71,Powerlifting,8.2,361.0,155,112,35,47,14,0,0,false
2024-09-19 23:09:26,2024-09-21 01:08:57,UTC-04:00,2024-09-20 15:06:00,2024-09-20 15:20:59,14,Walking,4.7,65.0,133,109,53,47,0,0,0,false
2024-09-18 00:17:06,2024-09-19 01:55:12,UTC-04:00,2024-09-18 21:43:30,2024-09-18 23:01:29,77,Powerlifting,9.9,479.0,158,118,25,43,29,0,0,false
2024-09-17 00:59:51,2024-09-18 00:17:06,UTC-04:00,2024-09-17 19:31:30,2024-09-17 19:59:59,28,Activity,5.3,120.0,139,108,47,45,1,0,0,false
2024-09-15 00:20:36,2024-09-16 01:30:57,UTC-04:00,2024-09-15 16:00:00,2024-09-15 17:17:59,77,Powerlifting,9.1,375.0,168,112,36,26,18,7,0,false
2024-09-15 00:20:36,2024-09-16 01:30:57,UTC-04:00,2024-09-15 14:10:30,2024-09-15 14:37:29,26,Walking,7.6,228.0,160,131,6,25,63,6,0,false
2024-09-15 00:20:36,2024-09-16 01:30:57,UTC-04:00,2024-09-15 10:58:30,2024-09-15 11:13:29,14,Walking,5.1,85.0,152,118,21,59,20,0,0,false
2024-09-14 03:51:44,2024-09-15 00:20:36,UTC-04:00,2024-09-14 17:39:00,2024-09-14 18:55:29,76,Squash,12.5,665.0,159,133,7,16,71,6,0,false
2024-09-11 01:37:34,2024-09-12 01:18:19,UTC-04:00,2024-09-11 21:52:30,2024-09-11 22:46:29,53,Powerlifting,9.1,348.0,175,123,22,42,27,9,0,false
2024-09-09 00:32:27,2024-09-10 02:03:10,UTC-04:00,2024-09-09 20:22:30,2024-09-09 20:37:29,14,Walking,4.9,75.0,155,116,29,57,14,0,0,false
2024-09-07 03:46:27,2024-09-08 02:48:37,UTC-04:00,2024-09-08 01:30:00,2024-09-08 01:47:59,17,Walking,4.8,72.0,143,111,42,51,7,0,0,false
2024-09-07 03:46:27,2024-09-08 02:48:37,UTC-04:00,2024-09-07 22:13:30,2024-09-07 23:16:29,62,Activity,7.3,295.0,145,115,28,63,9,0,0,false
2024-09-05 23:29:53,2024-09-07 03:46:27,UTC-04:00,2024-09-07 00:45:00,2024-09-07 01:41:59,56,Walking,6.2,204.0,143,109,51,44,5,0,0,false
2024-09-05 23:29:53,2024-09-07 03:46:27,UTC-04:00,2024-09-06 21:03:00,2024-09-06 21:55:29,52,Powerlifting,6.4,206.0,149,111,44,47,9,0,0,false
2024-09-05 02:14:21,2024-09-05 23:29:53,UTC-04:00,2024-09-05 21:49:30,2024-09-05 22:04:29,14,Running,6.0,102.0,195,125,6,70,14,2,8,false
2024-09-05 02:14:21,2024-09-05 23:29:53,UTC-04:00,2024-09-05 11:10:30,2024-09-05 11:31:29,20,Powerlifting,5.0,87.0,146,112,40,53,7,0,0,false
2024-09-04 01:49:49,2024-09-05 02:14:21,UTC-04:00,2024-09-05 00:27:00,2024-09-05 01:13:29,46,Running,7.9,253.0,180,119,35,47,10,6,2,false
2024-09-04 01:49:49,2024-09-05 02:14:21,UTC-04:00,2024-09-04 11:39:00,2024-09-04 12:50:59,71,Powerlifting,8.7,371.0,155,116,31,28,33,0,0,false
2024-09-02 02:08:35,2024-09-03 05:09:11,UTC-04:00,2024-09-02 17:15:00,2024-09-02 17:46:29,31,Activity,5.2,114.0,136,109,47,50,1,0,0,false
2024-09-01 02:28:17,2024-09-02 02:08:35,UTC-04:00,2024-09-01 20:39:00,2024-09-01 21:13:29,34,Walking,5.6,143.0,146,112,41,55,4,0,0,false
2024-09-01 02:28:17,2024-09-02 02:08:35,UTC-04:00,2024-09-01 13:07:30,2024-09-01 13:22:29,14,Activity,4.8,70.0,147,115,32,57,11,0,0,false
2024-08-26 23:55:22,2024-08-27 23:14:35,UTC-04:00,2024-08-27 16:09:25,2024-08-27 17:59:26,110,Kayaking,10.1,539.0,153,114,37,45,15,0,0,false
2024-08-24 22:48:07,2024-08-25 23:15:27,UTC-04:00,2024-08-25 14:34:18,2024-08-25 17:07:09,152,Cycling,15.8,1292.0,169,129,4,30,46,14,0,false
2024-08-18 23:49:16,2024-08-19 23:28:02,UTC-04:00,2024-08-19 11:36:00,2024-08-19 11:56:59,20,Activity,4.9,77.0,145,107,53,35,7,0,0,false
2024-08-16 23:29:12,2024-08-17 22:39:37,UTC-04:00,2024-08-17 16:40:10,2024-08-17 19:30:35,170,Cycling,15.4,1300.0,171,126,14,37,41,8,0,false
2024-08-15 01:08:14,2024-08-15 23:12:06,UTC-04:00,2024-08-15 16:22:30,2024-08-15 17:34:29,71,Activity,12.5,625.0,170,132,4,44,36,16,0,false
2024-08-15 01:08:14,2024-08-15 23:12:06,UTC-04:00,2024-08-15 14:57:00,2024-08-15 15:53:59,56,Pickleball,8.9,364.0,158,120,19,41,33,1,0,false
2024-08-11 22:46:23,2024-08-12 23:08:56,UTC-04:00,2024-08-12 10:45:00,2024-08-12 11:13:29,28,High Stress Work,5.0,101.0,138,107,39,53,0,0,0,false
2024-08-11 00:40:51,2024-08-11 22:46:23,UTC-04:00,2024-08-11 10:48:00,2024-08-11 11:08:59,20,Walking,5.7,139.0,146,123,0,85,15,0,0,false
2024-08-09 22:50:43,2024-08-11 00:40:51,UTC-04:00,2024-08-10 17:22:30,2024-08-10 18:59:59,97,High Stress Work,11.5,684.0,156,125,6,56,38,0,0,false
2024-08-07 23:12:58,2024-08-08 22:56:12,UTC-04:00,2024-08-08 11:36:00,2024-08-08 12:37:29,61,Pickleball,10.1,421.0,164,123,13,38,31,10,0,false
2024-08-05 23:30:53,2024-08-06 22:59:50,UTC-04:00,2024-08-06 21:10:31,2024-08-06 21:33:32,23,Walking,9.4,252.0,178,143,2,3,34,52,3,false
2024-08-03 23:19:04,2024-08-04 22:19:00,UTC-04:00,2024-08-04 18:40:56,2024-08-04 19:07:49,26,Cycling,7.5,231.0,174,133,1,26,66,7,0,false
2024-08-03 23:19:04,2024-08-04 22:19:00,UTC-04:00,2024-08-04 17:07:28,2024-08-04 18:14:59,67,Paddleboarding,8.2,369.0,151,118,18,68,12,0,0,false
2024-08-03 23:19:04,2024-08-04 22:19:00,UTC-04:00,2024-08-04 13:20:52,2024-08-04 13:42:51,21,Cycling,7.6,149.0,177,122,25,19,14,14,12,false
2024-08-03 23:19:04,2024-08-04 22:19:00,UTC-04:00,2024-08-04 12:22:49,2024-08-04 12:56:46,33,Cycling,5.2,114.0,154,104,43,23,13,0,0,false
2024-07-31 23:45:50,2024-08-01 23:04:03,UTC-04:00,2024-08-01 17:43:30,2024-08-01 18:41:59,58,High Stress Work,8.8,379.0,153,123,16,46,38,0,0,false
2024-07-31 23:45:50,2024-08-01 23:04:03,UTC-04:00,2024-08-01 11:28:30,2024-08-01 13:05:59,97,High Stress Work,9.8,525.0,150,118,22,55,22,0,0,false
2024-07-31 23:45:50,2024-08-01 23:04:03,UTC-04:00,2024-08-01 09:21:00,2024-08-01 09:43:29,22,High Stress Work,4.9,84.0,144,106,24,36,13,0,0,false
2024-07-30 23:10:05,2024-07-31 23:45:50,UTC-04:00,2024-07-31 09:21:00,2024-07-31 10:37:29,76,Activity,9.7,477.0,158,122,12,59,27,2,0,false
2024-07-28 23:21:54,2024-07-29 23:12:27,UTC-04:00,2024-07-29 15:45:19,2024-07-29 16:27:12,41,Kayaking,6.8,225.0,152,117,25,45,28,0,0,false
2024-07-27 22:39:03,2024-07-28 23:21:54,UTC-04:00,2024-07-28 15:15:05,2024-07-28 17:03:10,108,Cycling,16.1,1129.0,182,141,0,19,53,24,4,false
2024-07-26 22:56:20,2024-07-27 22:39:03,UTC-04:00,2024-07-27 15:12:00,2024-07-27 16:16:37,64,High Stress Work,8.6,394.0,152,119,15,61,24,0,0,false
2024-07-26 22:56:20,2024-07-27 22:39:03,UTC-04:00,2024-07-27 09:27:00,2024-07-27 10:03:19,36,High Stress Work,6.1,164.0,149,111,49,36,14,0,0,false
2024-07-25 23:20:39,2024-07-26 22:56:20,UTC-04:00,2024-07-26 12:06:00,2024-07-26 12:36:30,30,Golf,5.2,111.0,146,106,53,31,9,0,0,false
2024-07-24 23:35:57,2024-07-25 23:20:39,UTC-04:00,2024-07-25 18:22:11,2024-07-25 19:17:12,55,Cycling,10.7,442.0,170,129,15,30,44,11,0,false
2024-07-24 23:35:57,2024-07-25 23:20:39,UTC-04:00,2024-07-25 16:54:55,2024-07-25 17:15:20,20,Walking,6.0,131.0,157,120,19,40,32,3,0,false
2024-07-21 22:19:03,2024-07-22 22:10:28,UTC-04:00,2024-07-22 18:28:30,2024-07-22 19:09:25,40,High Stress Work,6.9,242.0,148,117,22,60,18,0,0,false
2024-07-16 22:30:56,2024-07-17 22:05:58,UTC-04:00,2024-07-17 16:57:00,2024-07-17 18:32:44,95,Pickleball,16.9,1165.0,174,149,0,5,30,65,0,false
2024-07-15 00:13:52,2024-07-16 00:40:10,UTC-04:00,2024-07-15 21:54:00,2024-07-15 22:21:57,27,Activity,7.0,202.0,153,123,20,34,46,0,0,false
2024-07-15 00:13:52,2024-07-16 00:40:10,UTC-04:00,2024-07-15 16:29:21,2024-07-15 18:52:44,143,Pickleball,18.5,1630.0,173,144,5,12,28,55,0,false
2024-07-15 00:13:52,2024-07-16 00:40:10,UTC-04:00,2024-07-15 11:21:13,2024-07-15 13:02:07,100,Paddleboarding,14.1,865.0,168,130,13,26,46,14,0,false
2024-07-14 00:12:51,2024-07-15 00:13:52,UTC-04:00,2024-07-14 11:09:00,2024-07-14 12:08:59,59,Golf,7.9,301.0,153,111,42,38,15,0,0,false
2024-07-14 00:12:51,2024-07-15 00:13:52,UTC-04:00,2024-07-14 09:46:30,2024-07-14 10:46:29,59,Golf,9.2,421.0,157,121,12,57,31,0,0,false
2024-07-12 22:59:14,2024-07-14 00:12:51,UTC-04:00,2024-07-13 17:06:00,2024-07-13 18:14:59,68,Pickleball,14.9,763.0,177,142,5,16,35,40,4,false
2024-07-12 22:59:14,2024-07-14 00:12:51,UTC-04:00,2024-07-13 15:04:30,2024-07-13 16:37:29,92,Golf,10.5,567.0,155,117,24,58,18,0,0,false
2024-07-12 22:59:14,2024-07-14 00:12:51,UTC-04:00,2024-07-13 14:01:30,2024-07-13 14:40:29,38,Golf,9.1,335.0,160,129,7,30,60,3,0,false
2024-07-11 23:27:34,2024-07-12 22:59:14,UTC-04:00,2024-07-12 13:03:00,2024-07-12 13:52:29,49,Golf,7.0,254.0,152,112,37,52,10,0,0,false
2024-07-11 23:27:34,2024-07-12 22:59:14,UTC-04:00,2024-07-12 09:34:30,2024-07-12 11:53:59,139,Operations - Water,14.9,1143.0,170,127,12,36,43,9,0,false
2024-07-09 22:38:32,2024-07-10 22:45:17,UTC-04:00,2024-07-10 09:25:30,2024-07-10 09:55:29,29,High Stress Work,5.3,122.0,144,106,58,30,3,0,0,false
2024-07-09 22:38:32,2024-07-10 22:45:17,UTC-04:00,2024-07-10 08:54:00,2024-07-10 09:10:29,16,High Stress Work,4.5,53.0,129,101,62,26,0,0,0,false
2024-07-07 22:47:37,2024-07-08 22:50:03,UTC-04:00,2024-07-08 08:22:30,2024-07-08 09:10:29,47,High Stress Work,7.0,255.0,149,112,34,58,7,0,0,false
2024-07-07 00:44:51,2024-07-07 22:47:37,UTC-04:00,2024-07-07 13:01:30,2024-07-07 13:32:59,31,Pickleball,9.0,286.0,164,132,1,49,30,20,0,false
2024-07-07 00:44:51,2024-07-07 22:47:37,UTC-04:00,2024-07-07 12:15:00,2024-07-07 12:44:59,29,Pickleball,11.0,335.0,170,143,2,19,27,52,0,false
2024-07-05 23:51:28,2024-07-07 00:44:51,UTC-04:00,2024-07-06 17:07:30,2024-07-06 18:11:59,64,High Stress Work,9.2,408.0,154,118,26,46,27,0,0,false
2024-07-04 22:44:37,2024-07-05 23:51:28,UTC-04:00,2024-07-05 16:43:30,2024-07-05 18:22:29,98,High Stress Work,11.8,664.0,160,120,26,43,30,1,0,false
2024-07-03 22:23:03,2024-07-04 22:44:37,UTC-04:00,2024-07-04 16:34:30,2024-07-04 17:35:59,61,High Stress Work,8.8,372.0,155,116,32,45,20,1,0,false
2024-06-30 22:44:05,2024-07-01 23:42:46,UTC-04:00,2024-07-01 08:00:00,2024-07-01 09:07:29,67,High Stress Work,11.7,534.0,167,125,15,22,49,8,0,false
2024-06-28 23:27:47,2024-06-29 23:55:12,UTC-04:00,2024-06-29 08:42:00,2024-06-29 09:59:59,77,Activity,10.6,535.0,157,121,18,49,32,1,0,false
2024-06-27 23:10:27,2024-06-28 23:27:47,UTC-04:00,2024-06-28 09:01:30,2024-06-28 09:46:29,44,Activity,8.7,333.0,156,124,14,40,45,1,0,false
2024-06-25 23:27:04,2024-06-27 00:57:08,UTC-04:00,2024-06-26 15:45:00,2024-06-26 16:59:59,74,High Stress Work,13.5,742.0,171,137,4,14,71,11,0,false
2024-06-25 23:27:04,2024-06-27 00:57:08,UTC-04:00,2024-06-26 13:54:00,2024-06-26 15:23:59,89,High Stress Work,11.7,626.0,164,122,22,40,35,3,0,false
2024-06-18 23:51:10,2024-06-19 23:50:59,UTC-04:00,2024-06-19 15:13:30,2024-06-19 16:28:29,74,High Stress Work,13.1,694.0,173,135,7,17,63,13,0,false
2024-06-18 23:51:10,2024-06-19 23:50:59,UTC-04:00,2024-06-19 13:36:00,2024-06-19 14:46:29,70,High Stress Work,12.2,606.0,170,131,9,23,59,9,0,false
2024-06-18 23:51:10,2024-06-19 23:50:59,UTC-04:00,2024-06-19 12:13:30,2024-06-19 13:13:29,59,High Stress Work,10.6,477.0,163,128,7,38,51,4,0,false
2024-06-15 23:23:36,2024-06-16 23:48:09,UTC-04:00,2024-06-16 16:10:30,2024-06-16 16:59:59,49,High Stress Work,9.0,343.0,159,124,17,42,34,6,0,false
2024-06-14 23:36:04,2024-06-15 23:23:36,UTC-04:00,2024-06-15 15:40:30,2024-06-15 16:26:59,46,High Stress Work,6.9,245.0,151,116,25,59,15,0,0,false
2024-06-12 22:52:45,2024-06-13 23:46:07,UTC-04:00,2024-06-13 08:51:00,2024-06-13 09:49:29,58,Activity,11.3,512.0,168,133,5,22,64,9,0,false
2024-06-12 00:02:25,2024-06-12 22:52:45,UTC-04:00,2024-06-12 09:57:00,2024-06-12 10:41:59,44,Golf,8.0,307.0,154,123,8,55,37,0,0,false
2024-06-09 00:09:21,2024-06-10 00:42:41,UTC-04:00,2024-06-09 12:58:30,2024-06-09 15:04:29,125,Golf,13.2,866.0,171,123,15,40,37,6,0,false
2024-06-09 00:09:21,2024-06-10 00:42:41,UTC-04:00,2024-06-09 11:30:00,2024-06-09 12:44:59,74,Golf,8.5,363.0,166,112,32,42,16,2,0,false
2024-06-07 23:56:20,2024-06-09 00:09:21,UTC-04:00,2024-06-08 10:36:00,2024-06-08 11:40:29,64,Pickleball,13.7,643.0,178,138,4,13,31,43,2,false
2024-06-04 22:47:08,2024-06-06 00:35:18,UTC-04:00,2024-06-05 08:24:00,2024-06-05 09:02:59,38,Activity,8.9,325.0,157,130,7,24,65,4,0,false
2024-06-03 23:22:55,2024-06-04 22:47:08,UTC-04:00,2024-06-04 15:46:30,2024-06-04 17:10:29,83,Activity,9.3,464.0,153,116,25,50,21,0,0,false
2024-06-02 23:18:21,2024-06-03 23:22:55,UTC-04:00,2024-06-03 17:49:30,2024-06-03 18:08:59,19,Activity,4.7,68.0,147,104,40,33,8,0,0,false
2024-06-02 23:18:21,2024-06-03 23:22:55,UTC-04:00,2024-06-03 08:00:00,2024-06-03 08:40:29,40,Walking,11.0,412.0,165,140,4,9,65,22,0,false
2024-06-01 23:35:09,2024-06-02 23:18:21,UTC-04:00,2024-06-02 08:58:30,2024-06-02 09:29:59,31,Activity,10.2,340.0,166,142,0,6,65,29,0,false
2024-05-31 23:14:56,2024-06-01 23:35:09,UTC-04:00,2024-06-01 16:03:00,2024-06-01 17:08:59,65,Activity,9.1,405.0,151,119,24,47,29,0,0,false
2024-05-31 23:14:56,2024-06-01 23:35:09,UTC-04:00,2024-06-01 12:34:30,2024-06-01 14:13:29,98,Golf,9.5,496.0,155,114,35,51,13,0,0,false
2024-05-31 23:14:56,2024-06-01 23:35:09,UTC-04:00,2024-06-01 10:52:30,2024-06-01 11:52:29,59,Activity,9.7,443.0,153,126,5,55,40,0,0,false
2024-05-30 23:56:43,2024-05-31 23:14:56,UTC-04:00,2024-05-31 12:55:16,2024-05-31 13:46:46,51,Cycling,12.3,520.0,170,139,2,20,48,30,0,false
2024-05-30 23:56:43,2024-05-31 23:14:56,UTC-04:00,2024-05-31 11:28:24,2024-05-31 12:36:21,67,Cycling,13.1,683.0,172,139,1,9,79,11,0,false
2024-05-29 23:34:51,2024-05-30 23:56:43,UTC-04:00,2024-05-30 18:06:00,2024-05-30 18:40:29,34,Activity,6.4,178.0,154,114,37,41,20,0,0,false
2024-05-29 23:34:51,2024-05-30 23:56:43,UTC-04:00,2024-05-30 08:58:30,2024-05-30 09:50:59,52,Activity,10.6,410.0,167,127,17,15,47,14,0,false
2024-05-28 23:34:28,2024-05-29 23:34:51,UTC-04:00,2024-05-29 08:06:00,2024-05-29 09:08:59,62,Golf,9.3,382.0,164,117,22,28,37,3,0,false
2024-05-27 23:00:30,2024-05-28 23:34:28,UTC-04:00,2024-05-28 16:42:00,2024-05-28 17:04:29,22,Activity,4.9,78.0,166,105,54,27,8,1,0,false
2024-05-27 23:00:30,2024-05-28 23:34:28,UTC-04:00,2024-05-28 15:34:30,2024-05-28 16:28:29,53,Activity,9.8,405.0,160,126,17,29,48,6,0,false
2024-05-26 23:10:59,2024-05-27 23:00:30,UTC-04:00,2024-05-27 13:03:00,2024-05-27 13:43:29,40,Cycling,9.1,346.0,155,131,4,29,66,1,0,false
2024-05-25 23:17:11,2024-05-26 23:10:59,UTC-04:00,2024-05-26 17:51:00,2024-05-26 19:43:29,112,Golf,12.1,761.0,155,122,11,57,32,0,0,false
2024-05-25 23:17:11,2024-05-26 23:10:59,UTC-04:00,2024-05-26 16:24:00,2024-05-26 17:14:59,50,Golf,8.9,364.0,162,124,14,49,36,1,0,false
2024-05-25 23:17:11,2024-05-26 23:10:59,UTC-04:00,2024-05-26 10:51:00,2024-05-26 11:41:59,50,Golf,7.5,272.0,152,114,25,40,24,0,0,false
2024-05-25 23:17:11,2024-05-26 23:10:59,UTC-04:00,2024-05-26 09:00:00,2024-05-26 09:50:59,50,Golf,8.9,347.0,161,121,12,36,39,4,0,false
2024-05-24 23:21:58,2024-05-25 23:17:11,UTC-04:00,2024-05-25 16:13:30,2024-05-25 17:17:59,64,Activity,8.1,344.0,151,115,30,53,17,0,0,false
2024-05-22 23:17:18,2024-05-23 23:13:17,UTC-04:00,2024-05-23 18:15:00,2024-05-23 18:34:29,19,Activity,5.0,83.0,152,108,30,37,15,0,0,false
2024-05-22 23:17:18,2024-05-23 23:13:17,UTC-04:00,2024-05-23 14:58:30,2024-05-23 16:20:59,82,Golf,9.6,471.0,161,117,28,49,22,1,0,false
2024-05-21 23:37:31,2024-05-22 23:17:18,UTC-04:00,2024-05-22 12:03:00,2024-05-22 12:25:29,22,Golf,5.1,95.0,143,109,39,44,10,0,0,false
2024-05-19 23:32:10,2024-05-20 23:46:08,UTC-04:00,2024-05-20 08:55:30,2024-05-20 09:37:29,41,Activity,10.2,391.0,172,135,2,23,63,12,0,false
2024-05-18 23:40:56,2024-05-19 23:32:10,UTC-04:00,2024-05-19 15:42:00,2024-05-19 16:16:29,34,Golf,6.2,177.0,155,114,37,49,14,0,0,false
2024-05-18 23:40:56,2024-05-19 23:32:10,UTC-04:00,2024-05-19 08:55:30,2024-05-19 09:47:59,52,Activity,11.0,442.0,166,130,11,25,46,16,0,false
2024-05-17 23:08:32,2024-05-18 23:40:56,UTC-04:00,2024-05-18 10:43:30,2024-05-18 11:49:29,65,Walking,9.1,389.0,157,118,29,42,28,1,0,false
2024-05-16 22:57:56,2024-05-17 23:08:32,UTC-04:00,2024-05-17 11:27:00,2024-05-17 11:58:29,31,Golf,5.9,157.0,154,113,38,51,11,0,0,false
2024-05-11 23:40:42,2024-05-12 22:51:13,UTC-04:00,2024-05-12 08:42:00,2024-05-12 09:43:29,61,Activity,11.3,513.0,165,129,7,40,45,8,0,false
2024-05-10 22:54:33,2024-05-11 23:40:42,UTC-04:00,2024-05-11 09:18:00,2024-05-11 09:52:29,34,Activity,8.8,310.0,155,131,0,32,67,1,0,false
2024-05-09 00:07:29,2024-05-09 23:32:37,UTC-04:00,2024-05-09 11:04:30,2024-05-09 12:11:59,67,Golf,10.2,460.0,163,119,22,37,32,4,0,false
2024-05-07 23:34:43,2024-05-09 00:07:29,UTC-04:00,2024-05-08 08:54:00,2024-05-08 09:25:29,31,Golf,8.2,274.0,157,129,2,38,59,1,0,false
2024-05-06 23:18:49,2024-05-07 23:34:43,UTC-04:00,2024-05-07 18:40:30,2024-05-07 19:07:29,26,Activity,5.4,124.0,147,107,41,38,7,0,0,false
2024-05-06 23:18:49,2024-05-07 23:34:43,UTC-04:00,2024-05-07 13:54:00,2024-05-07 14:59:59,65,Powerlifting,7.5,304.0,153,108,52,41,4,0,0,false
2024-05-06 23:18:49,2024-05-07 23:34:43,UTC-04:00,2024-05-07 08:43:30,2024-05-07 10:05:59,82,Activity,10.2,514.0,155,116,23,49,24,0,0,false
2024-05-05 23:27:50,2024-05-06 23:18:49,UTC-04:00,2024-05-06 09:42:00,2024-05-06 10:40:29,58,Walking,11.6,485.0,160,126,14,23,44,11,0,false
2024-05-05 23:27:50,2024-05-06 23:18:49,UTC-04:00,2024-05-06 08:57:00,2024-05-06 09:19:29,22,Walking,9.8,271.0,166,147,0,1,61,38,0,false
2024-05-05 01:21:49,2024-05-05 23:27:50,UTC-04:00,2024-05-05 17:06:00,2024-05-05 17:29:59,23,Walking,9.2,260.0,169,140,0,12,65,23,0,false
2024-05-05 01:21:49,2024-05-05 23:27:50,UTC-04:00,2024-05-05 14:09:00,2024-05-05 14:41:59,32,Golf,9.7,327.0,162,135,1,25,62,12,0,false
2024-05-04 00:01:32,2024-05-05 01:21:49,UTC-04:00,2024-05-04 13:43:30,2024-05-04 16:16:29,152,Walking,14.1,1088.0,156,120,15,56,24,1,0,false
2024-05-04 00:01:32,2024-05-05 01:21:49,UTC-04:00,2024-05-04 08:55:30,2024-05-04 09:53:59,58,Walking,12.2,537.0,167,131,9,33,45,12,0,false
2024-05-02 23:31:42,2024-05-04 00:01:32,UTC-04:00,2024-05-03 20:15:00,2024-05-03 20:31:29,16,Powerlifting,5.1,91.0,135,112,30,62,1,0,0,false
2024-05-02 23:31:42,2024-05-04 00:01:32,UTC-04:00,2024-05-03 13:28:30,2024-05-03 15:43:29,134,Walking,13.6,961.0,162,119,18,51,26,1,0,false
2024-05-02 23:31:42,2024-05-04 00:01:32,UTC-04:00,2024-05-03 08:37:30,2024-05-03 09:20:59,43,Walking,8.8,342.0,154,124,7,67,26,0,0,false
2024-05-02 01:11:10,2024-05-02 23:31:42,UTC-04:00,2024-05-02 10:48:00,2024-05-02 12:10:29,82,Golf,11.6,616.0,156,122,14,55,28,3,0,false
2024-04-29 01:55:24,2024-04-30 01:42:29,UTC-04:00,2024-04-29 12:22:30,2024-04-29 14:17:59,115,Golf,12.6,761.0,161,117,24,43,24,1,0,false
2024-04-25 01:39:43,2024-04-26 10:24:00,UTC-04:00,2024-04-26 07:52:30,2024-04-26 08:32:59,40,Walking,12.0,436.0,178,139,4,19,45,30,2,false
2024-04-25 01:39:43,2024-04-26 10:24:00,UTC-04:00,2024-04-26 03:06:00,2024-04-26 04:19:29,73,Walking,13.3,693.0,169,131,7,19,62,8,0,false
2024-04-25 01:39:43,2024-04-26 10:24:00,UTC-04:00,2024-04-25 13:12:00,2024-04-25 14:43:29,91,Golf,12.8,693.0,162,122,21,31,40,4,0,false
2024-04-22 23:25:02,2024-04-24 01:01:12,UTC-04:00,2024-04-23 19:27:00,2024-04-23 20:19:29,52,Activity,8.9,335.0,161,115,13,42,17,7,0,false
2024-04-19 00:26:00,2024-04-20 03:14:00,UTC-04:00,2024-04-19 19:54:00,2024-04-19 20:22:29,28,Activity,12.1,366.0,179,151,2,2,34,55,7,false
2024-04-19 00:26:00,2024-04-20 03:14:00,UTC-04:00,2024-04-19 18:57:00,2024-04-19 19:23:59,26,Activity,10.6,306.0,176,143,2,14,37,46,1,false
2024-04-18 04:10:00,2024-04-19 00:26:00,UTC-04:00,2024-04-18 19:09:00,2024-04-18 19:42:03,33,Activity,8.6,290.0,153,130,8,30,62,0,0,false
2024-04-18 04:10:00,2024-04-19 00:26:00,UTC-04:00,2024-04-18 15:40:26,2024-04-18 17:15:45,95,Weightlifting,7.9,352.0,158,99,27,20,8,1,0,false
2024-04-17 00:07:55,2024-04-18 04:10:00,UTC-04:00,2024-04-18 01:43:30,2024-04-18 03:05:41,82,Running,15.0,877.0,174,139,5,14,42,39,0,false
2024-04-15 05:11:20,2024-04-16 01:15:59,UTC-04:00,2024-04-15 19:24:00,2024-04-15 20:32:59,68,Activity,10.6,471.0,165,118,13,32,34,6,0,false
2024-04-13 23:48:00,2024-04-15 05:11:20,UTC-04:00,2024-04-14 22:16:30,2024-04-14 23:23:59,67,Activity,11.5,518.0,172,124,23,29,38,9,0,false
2024-04-12 02:07:44,2024-04-13 04:29:17,UTC-04:00,2024-04-13 00:04:30,2024-04-13 00:41:59,37,Running,10.4,340.0,169,131,20,14,35,30,0,false
2024-04-12 02:07:44,2024-04-13 04:29:17,UTC-04:00,2024-04-12 19:33:00,2024-04-12 19:56:59,23,Walking,9.3,261.0,166,141,2,10,53,35,0,false
2024-04-12 02:07:44,2024-04-13 04:29:17,UTC-04:00,2024-04-12 18:49:30,2024-04-12 19:13:29,23,Walking,8.2,223.0,166,132,7,21,46,24,0,false
2024-04-11 01:22:46,2024-04-12 02:07:44,UTC-04:00,2024-04-11 21:30:00,2024-04-11 23:09:55,99,Soccer,15.5,966.0,178,134,11,34,19,36,0,false
2024-04-11 01:22:46,2024-04-12 02:07:44,UTC-04:00,2024-04-11 16:51:00,2024-04-11 17:49:29,58,Activity,13.0,591.0,169,136,6,19,50,25,0,false
2024-04-11 01:22:46,2024-04-12 02:07:44,UTC-04:00,2024-04-11 11:34:16,2024-04-11 13:00:07,85,Weightlifting,7.3,308.0,150,102,32,19,7,0,0,false
2024-04-09 22:18:49,2024-04-11 01:22:46,UTC-04:00,2024-04-10 23:57:00,2024-04-11 00:22:29,25,Running,8.1,217.0,171,128,11,45,18,24,0,false
2024-04-09 02:23:20,2024-04-09 22:18:49,UTC-04:00,2024-04-09 11:23:54,2024-04-09 13:16:06,112,Weightlifting,7.9,361.0,160,96,30,17,4,1,0,false
2024-04-08 02:14:59,2024-04-09 02:23:20,UTC-04:00,2024-04-08 15:00:15,2024-04-08 15:34:26,34,Walking,6.0,156.0,158,105,53,24,9,1,0,false
2024-04-08 02:14:59,2024-04-09 02:23:20,UTC-04:00,2024-04-08 10:43:56,2024-04-08 12:25:21,101,Weightlifting,7.5,345.0,141,99,45,22,2,0,0,false
2024-04-07 00:39:46,2024-04-08 02:14:59,UTC-04:00,2024-04-07 21:00:00,2024-04-07 21:26:59,26,Running,8.0,181.0,185,117,32,8,17,19,3,false
2024-04-05 02:32:25,2024-04-06 03:46:42,UTC-04:00,2024-04-06 01:13:30,2024-04-06 01:58:29,44,Running,12.2,445.0,172,135,10,28,21,40,0,false
2024-04-05 02:32:25,2024-04-06 03:46:42,UTC-04:00,2024-04-05 21:34:30,2024-04-05 22:25:29,50,Activity,9.5,358.0,165,119,24,35,26,8,0,false
2024-04-05 02:32:25,2024-04-06 03:46:42,UTC-04:00,2024-04-05 11:40:22,2024-04-05 13:47:04,126,Weightlifting,11.3,586.0,168,106,36,20,12,4,0,false
2024-04-02 23:06:18,2024-04-04 00:44:41,UTC-04:00,2024-04-03 19:07:30,2024-04-03 20:13:29,65,Walking,10.2,457.0,159,119,16,48,27,2,0,false
2024-04-02 23:06:18,2024-04-04 00:44:41,UTC-04:00,2024-04-03 10:40:38,2024-04-03 12:16:51,96,Weightlifting,8.2,359.0,153,99,35,15,11,0,0,false
2024-04-01 01:22:43,2024-04-02 01:05:00,UTC-04:00,2024-04-01 16:04:30,2024-04-01 18:07:29,122,Golf,10.5,623.0,146,110,51,42,4,0,0,false
2024-03-30 00:48:11,2024-03-31 00:57:12,UTC-04:00,2024-03-30 10:10:30,2024-03-30 11:01:29,50,Tennis,15.0,662.0,172,151,5,3,12,80,0,false
2024-03-30 00:48:11,2024-03-31 00:57:12,UTC-04:00,2024-03-30 09:13:30,2024-03-30 09:43:29,29,Activity,8.7,279.0,158,132,2,29,64,5,0,false
2024-03-29 00:33:16,2024-03-30 00:48:11,UTC-04:00,2024-03-29 18:24:00,2024-03-29 18:58:29,34,Activity,10.2,351.0,161,137,3,20,62,15,0,false
2024-03-28 01:11:44,2024-03-29 00:33:16,UTC-04:00,2024-03-28 16:24:00,2024-03-28 16:47:01,23,Activity,7.8,186.0,164,124,13,15,30,24,0,false
2024-03-27 01:34:05,2024-03-28 01:11:44,UTC-04:00,2024-03-27 22:42:00,2024-03-27 23:38:59,56,Activity,13.0,582.0,177,137,4,21,53,22,0,false
2024-03-26 02:00:44,2024-03-27 01:34:05,UTC-04:00,2024-03-26 18:21:00,2024-03-26 18:44:59,23,Activity,6.1,136.0,158,111,22,29,21,6,0,false
2024-03-26 02:00:44,2024-03-27 01:34:05,UTC-04:00,2024-03-26 11:32:34,2024-03-26 13:30:45,118,Weightlifting,10.9,480.0,172,101,32,9,7,7,0,false
2024-03-24 22:45:13,2024-03-26 02:00:44,UTC-04:00,2024-03-25 21:37:30,2024-03-25 22:07:21,29,Running,7.4,222.0,155,123,20,47,31,2,0,false
2024-03-24 22:45:13,2024-03-26 02:00:44,UTC-04:00,2024-03-25 10:43:27,2024-03-25 12:25:16,101,Weightlifting,9.1,411.0,159,103,34,15,13,1,0,false
2024-03-24 03:21:15,2024-03-24 22:45:13,UTC-04:00,2024-03-24 18:59:08,2024-03-24 19:40:31,41,Walking,6.1,185.0,144,106,53,39,3,0,0,false
2024-03-24 03:21:15,2024-03-24 22:45:13,UTC-04:00,2024-03-24 15:00:00,2024-03-24 17:14:59,134,Tennis,18.4,1569.0,171,144,5,9,33,53,0,false
2024-03-24 03:21:15,2024-03-24 22:45:13,UTC-04:00,2024-03-24 12:01:30,2024-03-24 12:26:59,25,Walking,9.2,263.0,167,138,4,21,52,23,0,false
2024-03-23 02:02:25,2024-03-24 03:21:15,UTC-04:00,2024-03-24 01:25:30,2024-03-24 01:58:07,32,Running,11.5,368.0,188,143,9,4,43,39,5,false
2024-03-23 02:02:25,2024-03-24 03:21:15,UTC-04:00,2024-03-23 19:37:25,2024-03-23 20:10:18,32,Running,9.6,302.0,169,132,13,29,33,25,0,false
2024-03-22 00:32:07,2024-03-23 02:02:25,UTC-04:00,2024-03-22 13:44:50,2024-03-22 14:11:48,26,Cycling,8.5,251.0,160,133,8,24,63,5,0,false
2024-03-22 00:32:07,2024-03-23 02:02:25,UTC-04:00,2024-03-22 10:54:27,2024-03-22 12:35:15,100,Weightlifting,8.1,363.0,160,100,46,18,7,1,0,false
2024-03-21 01:17:42,2024-03-22 00:32:07,UTC-04:00,2024-03-21 21:26:17,2024-03-21 23:21:41,115,Weightlifting,7.1,328.0,145,93,30,15,3,0,0,false
2024-03-20 01:25:55,2024-03-21 01:17:42,UTC-04:00,2024-03-20 17:27:17,2024-03-20 18:01:43,34,Running,10.8,331.0,173,135,13,29,21,35,2,false
2024-03-20 01:25:55,2024-03-21 01:17:42,UTC-04:00,2024-03-20 11:24:13,2024-03-20 12:37:40,73,Weightlifting,7.2,225.0,163,93,28,2,6,6,0,false
2024-03-19 01:43:13,2024-03-20 01:25:55,UTC-04:00,2024-03-19 19:29:59,2024-03-19 20:04:41,34,Running,7.2,207.0,157,116,37,20,31,2,0,false
2024-03-19 01:43:13,2024-03-20 01:25:55,UTC-04:00,2024-03-19 11:12:54,2024-03-19 12:48:11,95,Weightlifting,8.4,334.0,162,99,39,12,5,5,0,false
2024-03-17 22:30:18,2024-03-19 01:43:13,UTC-04:00,2024-03-18 20:04:30,2024-03-18 20:29:59,25,Weightlifting,5.7,136.0,160,114,25,51,15,1,0,false
2024-03-17 22:30:18,2024-03-19 01:43:13,UTC-04:00,2024-03-18 10:32:13,2024-03-18 12:02:33,90,Weightlifting,7.3,292.0,157,99,43,20,2,2,0,false
2024-03-14 22:11:05,2024-03-16 00:34:47,UTC-04:00,2024-03-15 05:15:59,2024-03-15 05:40:02,24,Cycling,8.7,255.0,155,141,0,10,83,7,0,false
2024-03-12 01:20:49,2024-03-12 22:56:29,UTC-04:00,2024-03-12 20:07:23,2024-03-12 20:48:50,41,Running,10.0,354.0,170,129,8,38,33,17,0,false
2024-03-12 01:20:49,2024-03-12 22:56:29,UTC-04:00,2024-03-12 11:23:47,2024-03-12 13:14:16,110,Weightlifting,8.1,379.0,155,99,31,23,5,0,0,false
2024-03-10 22:26:48,2024-03-12 01:20:49,UTC-04:00,2024-03-11 20:35:31,2024-03-11 21:16:31,40,Running,7.9,287.0,146,121,23,51,26,0,0,false
2024-03-10 22:26:48,2024-03-12 01:20:49,UTC-04:00,2024-03-11 20:16:30,2024-03-11 20:35:08,18,Weightlifting,5.2,98.0,148,112,42,48,9,0,0,false
2024-03-06 23:05:38,2024-03-07 23:13:44,UTC-05:00,2024-03-07 16:57:00,2024-03-07 17:29:59,32,Activity,9.1,301.0,157,133,6,28,57,8,0,false
2024-03-06 23:05:38,2024-03-07 23:13:44,UTC-05:00,2024-03-07 13:10:30,2024-03-07 13:52:29,41,Activity,8.7,318.0,151,125,21,33,46,0,0,false
2024-03-06 02:36:27,2024-03-06 23:05:38,UTC-05:00,2024-03-06 20:19:30,2024-03-06 21:17:59,58,Activity,9.5,390.0,152,120,37,32,31,0,0,false
2024-03-06 02:36:27,2024-03-06 23:05:38,UTC-05:00,2024-03-06 17:28:30,2024-03-06 18:35:59,67,Activity,9.3,423.0,147,118,33,44,23,0,0,false
2024-03-05 00:16:41,2024-03-06 00:36:27,UTC-07:00,2024-03-05 23:06:00,2024-03-05 23:45:15,39,Activity,8.5,280.0,160,122,25,40,24,10,0,false
2024-03-05 00:16:41,2024-03-06 00:36:27,UTC-07:00,2024-03-05 10:52:30,2024-03-05 15:05:45,253,Skiing,16.1,1609.0,171,118,37,31,26,4,0,false
2024-03-05 00:16:41,2024-03-06 00:36:27,UTC-07:00,2024-03-05 08:37:30,2024-03-05 10:40:29,122,Skiing,11.5,666.0,159,113,34,42,17,0,0,false
2024-03-03 22:50:41,2024-03-05 00:16:41,UTC-07:00,2024-03-04 14:15:00,2024-03-04 16:54:43,159,Skiing,14.3,1076.0,173,120,27,47,15,9,0,false
2024-03-03 22:50:41,2024-03-05 00:16:41,UTC-07:00,2024-03-04 08:39:00,2024-03-04 13:55:29,316,Skiing,17.8,2194.0,168,121,22,38,33,3,0,false
2024-03-02 22:05:58,2024-03-03 22:50:41,UTC-07:00,2024-03-03 09:22:30,2024-03-03 16:28:29,425,Skiing,20.3,3332.0,180,126,19,30,35,12,1,false
2024-03-01 01:07:33,2024-03-01 22:49:31,UTC-05:00,2024-03-01 14:54:43,2024-03-01 15:30:07,35,Running,7.8,215.0,163,115,26,21,16,14,0,false
2024-02-28 23:43:17,2024-03-01 01:07:33,UTC-05:00,2024-02-29 22:45:00,2024-02-29 23:22:29,37,Activity,9.6,345.0,157,133,3,27,66,4,0,false
2024-02-28 23:43:17,2024-03-01 01:07:33,UTC-05:00,2024-02-29 21:21:00,2024-02-29 21:42:39,21,Activity,7.9,201.0,166,134,7,30,37,26,0,false
2024-02-28 00:02:58,2024-02-28 23:43:17,UTC-05:00,2024-02-28 10:43:31,2024-02-28 12:00:11,76,Weightlifting,5.2,163.0,147,88,24,8,2,0,0,false
2024-02-26 23:36:12,2024-02-28 00:02:58,UTC-05:00,2024-02-27 11:59:48,2024-02-27 12:39:41,39,Running,8.0,289.0,156,123,12,55,32,1,0,false
2024-02-26 23:36:12,2024-02-28 00:02:58,UTC-05:00,2024-02-27 10:24:28,2024-02-27 11:59:25,94,Weightlifting,10.1,442.0,165,109,36,23,12,6,0,false
2024-02-25 23:40:00,2024-02-26 23:36:12,UTC-05:00,2024-02-26 10:37:44,2024-02-26 12:10:04,92,Weightlifting,7.9,340.0,155,100,38,18,10,0,0,false
2024-02-23 01:09:04,2024-02-24 03:08:04,UTC-05:00,2024-02-23 14:55:30,2024-02-23 15:25:15,29,Running,8.4,260.0,161,131,5,45,38,12,0,false
2024-02-23 01:09:04,2024-02-24 03:08:04,UTC-05:00,2024-02-23 13:16:58,2024-02-23 14:49:47,92,Weightlifting,7.7,326.0,162,102,44,21,8,0,0,false
2024-02-21 22:30:17,2024-02-23 01:09:04,UTC-05:00,2024-02-22 22:27:02,2024-02-22 23:35:06,68,Weightlifting,5.7,169.0,149,94,40,6,6,0,0,false
2024-02-20 22:20:06,2024-02-21 22:30:17,UTC-05:00,2024-02-21 19:54:18,2024-02-21 20:56:01,61,Weightlifting,6.2,215.0,151,102,28,37,3,0,0,false
2024-02-20 22:20:06,2024-02-21 22:30:17,UTC-05:00,2024-02-21 19:33:00,2024-02-21 19:53:45,20,Activity,5.1,94.0,142,108,44,38,7,0,0,false
2024-02-20 22:20:06,2024-02-21 22:30:17,UTC-05:00,2024-02-21 07:05:43,2024-02-21 07:36:45,31,Running,5.0,100.0,139,99,43,24,1,0,0,false
2024-02-20 02:03:30,2024-02-20 22:20:06,UTC-05:00,2024-02-20 12:17:31,2024-02-20 12:52:13,34,Running,8.4,267.0,162,126,17,42,28,13,0,false
2024-02-20 02:03:30,2024-02-20 22:20:06,UTC-05:00,2024-02-20 10:35:10,2024-02-20 12:15:29,100,Weightlifting,8.1,363.0,156,101,27,20,10,0,0,false
2024-02-19 01:11:16,2024-02-20 02:03:30,UTC-05:00,2024-02-19 11:05:56,2024-02-19 13:14:35,128,Weightlifting,10.6,553.0,163,107,47,17,15,2,0,false
2024-02-17 00:19:19,2024-02-18 00:45:47,UTC-05:00,2024-02-17 13:33:41,2024-02-17 14:15:28,41,Running,5.0,106.0,130,97,64,9,0,0,0,false
2024-02-17 00:19:19,2024-02-18 00:45:47,UTC-05:00,2024-02-17 12:55:13,2024-02-17 13:26:10,30,Weightlifting,4.2,50.0,125,85,23,5,0,0,0,false
2024-02-16 00:23:34,2024-02-17 00:19:19,UTC-05:00,2024-02-16 12:37:19,2024-02-16 13:16:52,39,Running,6.9,218.0,148,115,47,32,21,0,0,false
2024-02-16 00:23:34,2024-02-17 00:19:19,UTC-05:00,2024-02-16 10:54:54,2024-02-16 12:35:02,100,Weightlifting,7.2,313.0,151,99,43,18,6,0,0,false
2024-02-14 22:20:59,2024-02-16 00:23:34,UTC-05:00,2024-02-15 22:11:55,2024-02-15 23:23:18,71,Weightlifting,6.1,212.0,145,100,44,21,5,0,0,false
2024-02-14 22:20:59,2024-02-16 00:23:34,UTC-05:00,2024-02-15 16:24:10,2024-02-15 16:45:17,21,Running,5.4,122.0,140,117,9,78,8,0,0,false
